text,sentiment
"@gundee07 хүрэхээсээ айх, эмээх сэигэлтэй бх хэрэгтэйм шиг санагддаг.Хэн ч дуртай аян дээрээ үг бичмээр санагдах нь тодорхой л доо.=)",positive
"почему, когда хочется любить искренне?.. НЕ ПОЛУЧАЕТСЯ :(",negative
"Джигги, теперь ты вообще не Джигги!! Ты больше недостоин носить это имя!!((",negative
"@Diadin1 она и курьера из рая советовала) но что-то я рейтинги, отзывы почитала..не в восторге)",positive
"У всех любовь, у всех дела, у меня одной какая то херня(",negative
"RT @Kamchatka63: Если в вашей жизни она наступит,то пусть она будет именно такой!))) http://t.co/A9UV9E2vVA",positive
"ВЧ-8 -такое ВЧ-8=)))
давайте свалим всю работу вагонной группы на тех,кто не имеет к этому никакого отношения,у них же нет других дел!",positive
"Инженерка мне настроение поднимает :D или смеется надо мной, сучка http://t.co/EOezkRzmio",positive
"То чувство, когда даже в Египте есть снег а у нас нет :(",negative
"@alex_kudrich глянь,а то я смотрела-не нашла:(",negative
"@Bulych11 бля, да хз ваще. вроде девушек много, но счастья нет:(",negative
включила телевизор посмотреть олимпеаду ...увидела двух знакомых девок и рому :),positive
"Черт, последние твиты местами поменялись ;((",negative
"http://t.co/de3Ax5wSpd сморите, что я сегодня нащелкала. Кач-во, конечно, супер контактовое(",negative
"@unroof если че я обои выбираю с женой,мне пока некогда с ними общаться)))",positive
RT @Rabingud: А сейчас 70% моих твиттов - нытье. И даже этот твит пропитан нытьем :D,positive
"@typicalneuron 
а я думал, что #янепошлый 
но не судьба :D",positive
"Вчера вечером не пошёл в Капитолий, а позавчера на ""12 лет рабства"" под предлогом ""займусь дома химией"". Два абсолютно бесполезных вечера :(",negative
приятно...когда тебя добавляют знаменитые YouTube блоггеры),positive
RT @paninaaaaa: Окау( http://t.co/LqOYDh875m,negative
"@dora200013 Может, в инете уже появилось... ;) Да по идее должно было уже....",positive
"@DashenkaLovely я конкретные фишки не описываю, это целая наука))) просто названия, и не одно и тоже))) а ты лохушка)",positive
"В общем, надеюсь,котейка будет жить и расти и через месяц,если все будет хорошо, я еще раз спрошу желающих)",positive
"Хочу вернуть время тогда, когда со многими в тви общалась, жаль невозможно :(",negative
"RT @Mr_Jack_O_O: @RzK_kokain чувак, утра о//////",negative
@ssmurz а как же ребята с ютюба будут скачивать в это время?((= ты о них подумал?,negative
RT @grishipok: Ойойой зачем я обновила твиттер?Какое все неудобное сразу стало:(,negative
"RT @supreme_fm: Снег выпади, ну плиз :(
Какой блять новый год без снега, а",negative
Я это сделала....я стала на весы!!!!аааа блин!!! Я скинула 6кг(( я очень надеюсь что до НГ я еще 2 скину точно...,negative
"RT @ValeriPayne1: #RT кто хочет узнать твиты от Ванги!! 
1. Возраст
2. Фандом 
3. Цвет трусов :D",positive
@Alex7236 Меня что то разнесло)) @olegsadovskiy @santairis @sibirianka @gals5581 @sinichka12 @tat881 @krykbryk @KompassUkraine @lechiy13,positive
RT @bowavulipod: йоу. я не отражаюсь в зеркалах   :),positive
"Жили бедно, так ещё и обокрали. Беларусь( http://t.co/NhTZyFAAeZ",negative
Смотрите как мы разговариваем))) http://t.co/HOynZCsn0X,positive
"завтра пятница 13-го,ну что,ждём чего-то ахуенного:)
ахах,типо страшно должно быть,но мыслим позитивно)",positive
"лента, я поменял оформление о/
жаль, что никто не заметит :(",negative
"Когда же уже наконец пройдет эта ветрянка:((наверное самая ужасная болезнь...Так скучно, сидишь дома, ничего не делаешь...",negative
"RT @SunnyTommo: дорогая мама Перри
давай ты типа папарацци не видишь ок?
обидно, девочки и Триша стараются
а ты палишь :( http://t.co/kqxfC…",negative
"@kiskazajka к сожалению, их топка не рассчитана на сожжение чел.тела. Температура не та)сгорает далеко не все, остальное-жженые листья и тд.",positive
RT @ronolifudoqy: ололо! в вмварь ставится Снежный Барс ;),positive
мне вечером. -нет ты.-нет ты. -нет ты лучше) -Естественно я лучше. а позвони то  http://t.co/4XP4PFUzWt,positive
@batalova_louisa ну ты можешь успеть на финальную басту :D,positive
"Красивых тел слишком много, красивых душ очень мало:(",negative
"Атлетико не подведёт, а на самих надежды мало :(  #АустрияЗенит",negative
"лучшее, что ты сотворил, Сделано из ребра.))). http://t.co/YHxxy3q80z",positive
"Хотя среди моих подруг есть действительно интересующиеся футболом, чуть ли не с пелёнок. Вот это тру! 
p.s. Бля, я спать должен был уже :(",negative
@kristinchik5 НИХРЕНА:D У МЕНЯ ПЯЯТЬ ВЕЧЕРА) Я ДУМАЮ СВОЙ АЛФАВИТ:D А ТЫ?,positive
RT @diffidentginger: @the_neighbour не сделала. фу(( сидит кричит рядом,negative
ни харашо плагиатить леди гогу ((((999(((дивять http://t.co/1hx5Vp2kdZ,negative
@abbemesser @skapovton ну да. в принципе для двухдневного и крайне вялого пиара это точно успех),positive
RT @VasilyevaDi: стоим дежурим:)вспомнили наших мальчиков,positive
@egor1963 @ProstoMilochka @bulgari1971 @VSrach Мы тоже смеялись..)),positive
RT @nuzepyfir: Автору записи переговоров с экипажем разбившегося Су-27 грозит тюрьма (,negative
"http://t.co/bYFDz9sLR7 - Первый раз в жизни сделала эпиляцию! Оказалось, у меня такие кривые ноги... :) ",positive
Жители дома развлекаются )) @ SweetHome http://t.co/KQ2RtXPs6t,positive
"@annaprotopopova слушаюсь, моя госпожа :)
Да шучу я, шучу :с",positive
@kkkAmina @motoro11er @evgeny_kobzev @svminko ну Антоху же он знает),positive
"Слишком сильно сегодня губы кусала,  болят теперь (",negative
"@JulyaMiles а. Понятно. А я-то тут причем?)
Мы с ней не так хорошо общаемся",positive
"Ухахахаха)))) мне тоже “@sult: Показалось, что она топлесс, обрадовался http://t.co/GpRzOtYhnh”",positive
"Пора заканчивать жить подобно сурку, а хотя по живу еще чуток:-)",positive
"@porn_drugs_rock я ж любя, ты меня кстати не набрала;(",negative
"Ахах какие то придурки смотрели долго на меня и улыбались,я не могла понять почему,и взрыв ,сказать что я обосралась нечего сказать,петарда)",positive
"RT @vozhzhova_v: Настроения нет, я очень устала, хочу спать,но мне нужно прочитать книгу, срочно.
Сил мне ,да побольше;(",negative
RT @30daysfebruary: @shitpisspuke может просто подлизываешься..),positive
@NastyaAverina кто тут про тебя забыл то? не пизди),positive
"RT @xuterisasuk: Денис Ритчи скончался 9 октября, а я узнал только сейчас. Черт. Великого человека потеряли. (",negative
"RT @pergonaval: #RT @conttormafo : #RT @bouvtprogecel : Камызяки ушли на тайм-даун =( #квн Через год вернутся, ребят =-(",negative
"Настя меня с чем то спалила,но не говорит с чем =(((((",negative
"Я так усталаа! Но очень классно сегодня потанцевали) 
хочу следующую субботу;)",positive
@linaisonfire ну только там не фигуры) на инженерной графике нас такими чертежами учили карандаш в руке держать :D,positive
"Красная Звезда,все кто писал мне, завтра в 12 встречаемся в центре зала метро Краснопресненская!Отпишитесь в лс)",positive
"Жена мужу: «Милый, давай поменяемся местами - ты будешь готовить мне кушать, а я буду тебя хотеть!» :) http://t.co/1DIj3dU91g",positive
"Так, сборка uni2h под fpc 2.4.0 зафикшена. А вот со сборкой фрилодыря по прежнему наблюдается какой-то подземный стук :((",negative
Кукловодом быть хорошо но есть опасность самому повиснуть в своих нитях =(,negative
"Не люблю воскресенья...((( не работаю уже почти 4года, а привычка не любить понедельник и вечер воскресенья до сир пор осталась",negative
"Сначала не слушаю его,а потом удивляюсь,почему он злится на меня :(",negative
у меня кончились мандаринки( спасибо моей большой и дружной семье :З,negative
"@Poll_in @saver_ag донбасс столько дотаций получает, что даже в твит не влез ((",negative
@Matthuw89 круто! А я уже наверное нет:((,negative
"Они не любят фотографироваться, но я же не отстану :D http://t.co/geStXwbnck",positive
"Истоория
хочу спатеньки( http://t.co/ELvg3B3Ebe",negative
"@to_over_kill В принципе хорошо. Правда в четверг в школу переть. и нужно сделать дохуя д/з
А ты там как?",negative
"@AlmiralHott ещё как заманчиво! ))) Посмотрю, может и поеду....",positive
@yoooo_patrick еще нет:( я просто не знаааааю что подарить(,negative
"@Ezhoff такое подозрение, что некачественный ремонт только ухудшает состояние дорог... (",negative
"Недавно выла от одиночества, а теперь ГОСПОДИ ИЗБАВЬ МЕНЯ ОТ ВСЕХ ЭТИХ ПРИДУРКОВ!((((",negative
"@VampirDiariesNL я нормально) со школой правда завал,заваливают ппц. А что ты знаешь из старого?)",positive
"RT @alisa_1727: сегодня хороший день ,а главное вся семья в сборе :* люблю вас до безумия",positive
RT @Malvina_say: за месяц стали как семья:* http://t.co/Kb8F8JGCQa,positive
"Почему нельзя вернуть то ,что было???..Т__т..теперь всё это останется лишь на фото....которые никто не увидит....(",negative
"@KristinaBli1 @LopyrevaVika правда с появлением такой куклы в образе Вики, другие куклы никому не нужны станут!) не жалко?)))",positive
@dyadka_valerka Доброе утро! Об этом можно прочитать у нас на сайте http://t.co/glyipvLLIo .А какой сегодня праздник?:) Понедельник?,positive
такое ощущени что ты не хочешь общаться:(,negative
http://православнаяинициатива.рф/ #ЗаСильнуюРоссию  крутость зашкаливает))))))))))?/&gt;.?.?.?.,positive
@Photo_Nikita @sd0107 @pastya_nastya жестокий мир (,negative
Сегодня и вчера самые лучшие дни! Но не только из-за др...кто знает тот поймёт)))))),positive
"-Свет,а какой у тебя ответ в первой задаче? -15 см. - о_О БОЛЬШОЙ! ",negative
"Даже как-то смешно читать, что у какой-то страны армия 70 — 100 человек :)",positive
"@nastyalavrinovi  да просто начала играть и когла уже больше пятиста тысяч было начала скейты использовать,  и даже 3 ключа просрала(",negative
@ediny_marsy @S_O_O_O_O_N Этого я не могу объяснить,negative
"Сидел за компьютером, читал википедию. Тут подходит папа, смотрит на экран и говорит:""бусен нинди педия таген?""))",positive
"В нашей жизни должно быть всего лишь два правила:
1) Мелкие проблемы - это пустяк. 2) Все проблемы - мелкие!",positive
Место того чтоб пойти спать я сижу учу геометрию(((,negative
"@yellow_hedgehog не знаю, просто настроение упало :(",negative
"Лента, жизненно важный вопрос
Какого цвета лучше?
ПыСы: я блондинка, если что х) http://t.co/5eHrP7mMRF",positive
@shalaginovaaa поздравляю!!! ты справилась с ролью самостоятельной женщины:*,positive
Зато у меня наконец есть классная акварель! Спасибо @elinaaa868 @Shleder . Продавец трушный :D,positive
"@jungyoongri snsd и aoa не вариант.... а вот водэ гелс я люблю :3 ну, спасибо за помощь )",positive
Один фиг флажок сочи 2014 не дали((((( САННЫЕ ЖМОТЫ,negative
RT @kerahunijuf: Помогите написать рецензию на детскую книгу...(((,negative
@PartyPoison1505 нит:( я из Украины. Твиттерские из Укр. Как легенда. Они есть  но я их Не вчтречала:(,negative
"Почему ""Золотой глобус"" был в 5.00? :(
Надо найти повтор.",negative
"На 10:00 в салон, но что-то мне перехотелось стричься(",negative
Капец как круто мы уже неделю идём домой как не выйдём из школы сразу в нас летит снежок и так до дома не дойдёшь обкидают по реале:DDD,positive
"завтра в школу ехать , забирать табель
ояебу как мне лень
опять депрессую :(",negative
"Цена билетов, конечно, ебнесся, но очень хочется((",negative
#ХочуПровестиНовогоднююНочьВместеС @imbeeliectioner с обрей любимой) не обижайся на меня:3,positive
"Ох объелась я мандаринок.
лежу смотрю уральские пельмени:D",positive
"Так не хочется отказываться от джеила,терять производит. и удобство, но придется отдать голос в пользу стабильности и работу всех сервисов((",negative
"@msdarren16 Когда у нас появляются мандаринки, их съедаю я
Больше они никому не достаются х)
#нежадная",positive
"@blue_slippers мм)
давай)
Маша,16 лет,живу в Питере)
ты?)",positive
Ебаное желание просто поцеловать тебя все испортило :-(,negative
"одела сегодня юбку... 
чтобы хоть как-то поднять настроение трудного дня :(
скорее бы он уже прошел",negative
"@sacreddarling когда я писал это, то не думал, что будет совсем бессонной((",negative
Нахально оставляю ссылку на свой вишлист : http://t.co/MyyDkssz39 Ну мало ли) праздники скоро всё-таки),positive
"+3 г.Ярцево, Смоленская область. Новый год ептыть(( хочу снег и мороз!!! #декабрьсошелсума http://t.co/jjaCaN0M1X",negative
"@igorbaranov7, Встала ровно в 7:30 без будильника..(",negative
"""..и тогда наверняка,вдруг запляшут облака и кузнечик запиликает на скрипке...""-под чем был автор песни??о_О",negative
"RT @krisPermyakova: я одна не знаю в чем пойду на нг :(
мне вооооообще не в чем",negative
"@Jannka95 @Dashka3791 и когда ты приедешь, солнце?(",negative
"RT @JinG_Band: Ну вот, приехал из Иерусалима, а у нас уже Новый Год и нас встречает ёлочка :) Приятно и чувствуется праздник ;) http://t.co…",positive
Советую всем почитать)) Офигенная книга http://t.co/J2yQmuNGau,positive
"Хаха, извиняйте за эту ночную наркоманию, всем споки)",positive
За энэ гүүгл транслате чинь зугаатайм байна шүү ккк :D http://t.co/RF8EoG6amr,positive
RT @LudmilaSadovaja: В семье не без урода....) http://t.co/jG1rEEefwU,positive
"Этой ночью посмотрела фильм ""Решала"", такооой сильный;( +1 норм русский фильм наконец-тоо",negative
"""@obnuli: Цени тех, кто терпит твои вечные психи."" Не, ну правдиво чего-то ((",negative
"RT @_4EMbl__: @xuinston @4EMbI_4EVER @starpartydeath не смешно =( он же убогий такой
Хотя мне его жалко",negative
"Нужно уметь разбираться в людях,иногда можно сильно разочароваться(",negative
она: а ещё у меня грудь... 1 размера( он: та же фигня (((,negative
Надо чаще спать... Вообще башка квадратная %(,negative
RT @hyvavere: Обормонстер ищет людей для настолочек вотпрямща. Есть желающие? :),positive
"бляха, больше 60ти каналов, а смотреть то нечего - печаль(",negative
@_perfectdenial_ лижу в кравати как лалка ((9(((999(9,negative
"RT @fumymunupiq: http://t.co/zr04LFCONb Я так хочу тебя увидеть,твоё лицо,твои глаза,ещё хочу твой смех услышать,чтоб из души ушла тоска((((",negative
RT @eginydid: Наткнулся на интересный блог:   — читаю :),positive
Вот это чудо мама не хочет взять ((( http://t.co/KWklQrAhQu,negative
"спасибо гениальным людям за то,что изобрели душевые кабинки)кайф",positive
"начала смотреть сериал ""Молодёжка"", не скажу что ахеренный, но интересный, смотреть можно)) пойду дальше смотреть)",positive
"Блииин... Многие говорят, что не самая лучшая его книга ( http://t.co/vc9eyGOnNB",negative
"@juliabogatko я такая же :DD
шипперю Пэнри, хуле :D",positive
"@CATAHA_HELENA я просто смотрела много серий подряд, а на последнюю силёнок не хватило :(",negative
"@Koteika99 короче фильмы с Джимом Кери)) щас ""Брюс Всемогущий""",positive
Даже у Деми есть снег ( http://t.co/5o2eIUoYHE,negative
"так плохо, сердце болит, голова болит, настроения нет
в душе хер пойми что :(",negative
чё кому сигну от днище-твиттерского ты есть от меня ? :--)))),positive
"Меня разбудили, теперь надо убираться и мыть пол((",negative
"RT @Komarov_N: ""Любовь это... когда прочитав эту фразу, ты уже успел подумать о каком-то человеке.""
- сука, никого не вспомнил..(",negative
Женщины иногда такие сороки!(( да простит мне мой мч мои растраты. Будет подарком на нг.,negative
"@Polina_Kolt @Setitles есть красивые шубы, но не эта ))) хотя вообще я скорее против шуб, чем за.",positive
"Сходила на днюху нзываеться....перебрала...плохо вобщем было(( 
а как весело начиналось...ээх...",negative
"Надо найти ребенка, срочно(((( http://t.co/DFwPG6bJMx",negative
"@tasha_velum мы таскали кино японское из комнаты, где стоят сами проекторы)) http://t.co/o9rgXEm6dm",positive
"@cookiekatycat вапщи охринели везде , ахах) пора бы запомнить",positive
Блииин так старые фотки одноклассников мне настроение подняли. :D,positive
"Ребятушки,у кого есть Viber? Write me +375298172996 :)",positive
"Гребаный Шерлок, ну почему ты идешь так поздно(( похоже опять придется смотреть повтор((",negative
"RT @DarynaMatjash: чудесный вечер, но меня ждет право.кофе-хаус, люблю эту атмосферу)",positive
"Я тут понял, что...пылесос похож на далека :-) ну серьёзно :-)",positive
"Не знаю где и как, но мне надуло ухо и сегодня я вынуждена сидеть дома:((
Пойду мультики смотреть...
#Это_победа http://t.co/rKI2ayx6hq",negative
"@cat_glambert ДА ХЗ( СМАТРИ, РЕКЛАМА ВИСИТ И НЕ УБИРАИЦА( НА ВСЕХ СТРАНИЦАХ, НИ ТОКА В ТВИ(  БЕСИТ( http://t.co/gsJejUNfaf",negative
На сколько ж безсмысленые песни крутят по радио(,negative
"@StYarushin колхоз - это остальные пассажиры, а эти двое - уровень!))))",positive
RT @LIGAnet: Европарламент: 1) осудил применение силы против Майдана; 2) призвал освободить задержанных; 3) рекомендовал МВФ и ЕБРР помочь …,positive
У девочек 3 место) сегодня наградили наших чемпионок! Было приятно посмотреть на наших красавиц:*,positive
Горло.болит горло. И еще у меня друзья. И петруха(аааа(((,negative
"Ох...Вчера мы с мамой объездили все магазины которые можно!
Купили много барахла для нового года!
Ну и мне кое-что:)))",positive
Дедом без сына :( “@dostoverkin: Президент Татарстана стал дедом...”,negative
"О да, спасибо, проснуться в таком положении-именно то, о чем я и мечтала! Я испугалась же...Зачем так:(",negative
"@Sonia_Maslova жаль, что другие вк так не обновляют(",negative
"@nastyacruglova я занимаюсь тем же) правда , на улице была)",positive
"RT @irina_bezrukova: Как выходной?)) У меня плавно и домашне.)) За окном снежок идет..Дома тепло, уютно..",positive
@owevatywoc Ммм:):)ну может я стесняюсь о своих желаниях говорить:):*,positive
"@bata_good Хых.)) Меня отсылали в какой-то художественный магазин, там подешевле вроде должно быть, но я его так и не нашла :)",positive
@nastya24_12 до меня тоже только сегодня дошло это:D вчера я была выжита как лимон,positive
"RT @gakyranodyc: хомяки - они как наркотик))) вроде бы знаешь что он тебе совсем не нужен, ужасно воняет и с",positive
6 дней как ты не с нами:( Не понимаю почему небеса забирают таких хороших как ты. Очень люблю тебя и каждый день вспоминаю.,negative
"@TheNikaRuban музыку слушаю и жду живой звук, а ты?:)",positive
"@FuckFrenzy @Yorikovna Вероника,ты на Лизу гонишь!? На стадионе сча выйдем разберёмся)",positive
"Она прилетела и не сообщила,то же мне родная:(",negative
Это фото без изменений не осталось )) http://t.co/aqVI1Mca2a,positive
@mdsmirnova @Valeriya1696 да в целом когда они всегда объявляются не в тему),positive
"Прямо за моим окном у дороги выстроилась толпа людей, бежит факелоносец о_О",negative
@Lei_Ri Спасибо) считаю найти свое место очень важно.,positive
@simply_dafee разбуди своего внутреннего Жириновского)),positive
чо за медная гора ? прямо блоки блоки и гора(,negative
"@anastasiya846 меня послали нахуй после того,как я потеряла свою нокию:(",negative
"Сначала узнала, что у него энтерит, потом, что после съемок он поскользнулся и повредил лицо и плечо :(",negative
"Наконец то позвонииил, меня не будет в близжайшие 3 часа)",positive
"ахах уйти после второго урока,опаздать на соревнования,в этом все мы
причинаааа-мы мыли кота:)ахах",positive
"@poli_afonina @_green_bitch_ Ахах, я просто пьян чуток:D",positive
“@manegka: Калашников умер говорят. Жаль.”да(,negative
RT @ukixohoduw: Что-то после компиляции нового ядра с поддержкой VESA у меня вообще бздя не хочет грузиться. Печально. :(,negative
"http://t.co/lm1QJU2ByE / Оставляйте мнений,я пошла :** http://t.co/q014T1wuG0",positive
"@finnlid поп, рок, треп:3 Все по настроению:3 Почему ты музыку не слушаешь?(",negative
"Вопросы к фото) 4 вопроса и далее) /  / Хозяин фото, не забываем отвечать на вопросы) http://t.co/wR3DRKYRDn",positive
"заебись будет праздник...
котька всю ночь работает(( http://t.co/jlkonYe7bI",negative
бля где экзорцист меня труханы найла анфолловили((((,negative
"Счастья вам, дорогие) а у меня другое счастье. ;))))",positive
@naked_but_safe ахахах) с чего ты взяла?) ты не смотрела?,positive
"Я настолько неудачник, что даже в душ сходить без приключений не могу:(",negative
"Вспомнила, прослизилась:( http://t.co/QNTb5WCgj7",negative
"ахахахах красивая дата и пробки возле загсов Х) люди идиоты, нахрена геморрой",positive
"Печально, что лучший танец сезона видимо пролетает с ОИ:(",negative
"@_Ekaterinaa_ я это часто говорю,но я не думаю что я хорошая:(",negative
"@Voronushka10 @k_andreychikova @NastyaEsina  ахахах, Ксюш, он меня читает:D",positive
"RT @RonyLiss: @MsWildFan @msdarren16 ВОТ ТЕПЕРЬ ТЫ ТОЧНА ОТ МЕНЯ НЕ ОТВЕРТИШЬСЯ х)
БУДЕМ УПАРЫВАТЬСЯ ВМЕСТЕ",positive
"@cottiIard ЛАЛАЛАЛА БУКЕТЫ ТАК ИХ СПАСАЯ ОТ ВЕТРА И ХОРОШО ЧТО ОН НЕ ЗНАЕТ.

больше  я не помню ;(",negative
"@yours_Nataly да, кстати)
ольвье
омномном
я жду нг, чтобы пожрать
не будем себя обманывать))",positive
"С утра пошла за овощами, заодно купила пароварку. Логику поступка сама не понимаю, но вареникам на выходных — да! :)",positive
"@sofia_mail просто ты человек с отличными вкусом))
да и он очень схож у нас",positive
Что-то я нихуя не выспалась и у меня болит голова :(,negative
Чупс без палочки:( http://t.co/mY28Tp0ivL,negative
"RT @fekogutetoke: , спасибо вам за эклеры, они чудесны :) и уже почти все съедены :) а мы боялись",positive
"@mr_takhir @gusak_av Тахир, ты единственный среагировал на цену... Наверное, просто самый внимательный ;))",positive
@fr3ddiem3rcury мы даже хозяина напугали((99,negative
"за этот месяц, наверное, первый раз так рано приехала домой. теперь не знаю, чем себя занять(",negative
"RT @Batishchevaaaa: Я уже забыла как это, вставать в 7 утра :(",negative
"RT @M7778956: @5umm Как раз читаю  "" Великий Гэтсби "" Фицджеральда  Скотта , А  Вам спокойной ночи :))) http://t.co/wBvK9zOV2N",positive
На курсах я просто упала на парту и уснула...(,negative
"@the_DrunkenClam тяжёлый случай( в Чехию? Отпуск? Или снова ""проклятая"" командировка?",negative
"Все умиляются морозам,а у меня от холода сохнет кожа и рвется:(",negative
"Детская фут секция.Пацаны 9-10лет.На мой вопрос:""за кого болеете парни?""ответили-реал,барса,амкар,синит,МЮ ...Спартак не назвал никто(((",negative
"RT @dehugajozux: Приехал в #ivanovo, ужаснулся! У меня на балконе ветром стекла вырвало( Вот, блин, непогода(((",negative
RT @karrimov: Уругвай полностью легализовал марихуану. Его жители на фото явно радуются) http://t.co/Qt6FjldEr0,positive
Я что-то сделала с сосудами в носу %( через раз выделения — кровавые :(,negative
"а в моем любимом городе, снега намного больше, чем тут...как же туда хочется(((",negative
"@Okean_E вспомнила про меня.. (
Тебя тоже ♥",negative
"RT @RunAwayThisTime: #HappyBirthdayZayn
уже 21 :( http://t.co/GHvVcy0xlG",negative
"RT @satapifebit: 3 коровы, 33 коровы, 33 коровы, ни одного быка, 33 коровы, 33 коровы, томный взгляд на тело пастуха:)) http://t.co/5VWxyAa…",positive
"@JulieSVolt а ты думал,докторскую премию не всем дают :D",positive
Учишься ли ты на своих ошибках? — К сожалению не всегда( http://t.co/leVlpGjzs2,negative
"@lets_go__fuck Мэтт не тп, а хипстер (((((( лысый хипстер (((((",negative
"может это и к лучшему,может эта читалка мне и не нужна,значит так надо,хоть очень ее хотелось...в следующий раз..печально конечно(",negative
@crashgirl69 все уже было где-то)))))) такие дела!)),positive
"Все выкладывают фотки со снегом , а у меня галимый телефон и я не могу ничего выложить ));",positive
@Martin_Nut Пхавха наруто)) Мне кажется или Чидори ничто перед Кирой?),positive
"@islamova_adelya Я НЕ СМОТРЕЛА ТВИТКАМ(((( ТАК В МОЕЙ ЛИНТЕ КТО-ТО НАПИСАЛ

ТОЧНО НЕ ЗНАЮ
НАДО БУДЕТ УТОЧНИТЬ ПОТОМ У КОГОТО",negative
"Никогда не подумала бы, что самое приятное на свете сообщение мне пришлет преподаватель))",positive
@octjber @Danny_Norman ну иногда просто обзывают пидорасом.не имея в виду педика или что нить там еще.гопоте пох ваще как обсирать),positive
"@kass_my_ass есть в твоих словах доля правды, бират)))",positive
"снос Ленина, это символично) 
и я не могу перестать об этом думать) а модет мы выиграем, эту партию?)))",positive
да и сочинения тоже бесят =((((((((((((((((,negative
"люди, любите друг друга. это всё, что нам делать осталось))",positive
Люблю её:**Афигенская моя девочка:* http://t.co/a1YrZCu6Hx,positive
Ноги болит :( 3 часа танцевали вот что значит ночной клуб,negative
@milayaanechka15 мы вам с ершом уже купили ахахахах(((((,negative
"он: зай, что делаешь? я: есть готовлю он: что готовишь? я: вроде суп, а там посмотрим..)",positive
"а, ещё вытирал голову, и как обычно, защемило что-то в шее. карочи, я хуже   :(",negative
слишком-слишком много работы!однако здравствуйте рабочие выходные...#побольшесилмне:(,negative
"АнЯ плакса(((посмотрели фильм,теперь плачу(",negative
"@barabanoanasty 
АЗЗЗЗЗЗЗЗ.
Ну тогда всё получиться)",positive
@alexradchenko не хочу такую погоду до марта((( хочу осеннюю погоду,negative
"Буду фотографироваться до тех пор,пока не понравится :D",positive
Найдите мне общее и различное в философии средних веков и Возраждения! Я умру сейчас иначе:(,negative
как мне плохо после др у Никиты:( щас умру...,negative
Ну почему сегодня такие нудные уроки ??:((,negative
"Кстати,сейчас русского такого нет как в шк,и я уже начинаю сомневаться в написании некоторых слов:(деградирую блин...надо конспект открыть",negative
"RT @apyraqaje: Кто-нибудь может объяснить, что это за чудо — Adobe Flash Builder for http://t.co/G0RM649cCd (",negative
RT @SpanchBob99: ахуенно сходили в тренажёрку :* http://t.co/xn8h5bawTi,positive
"почему то я очень ржу с его альбома ""Я."" ,потому что там фотки каких-то пропиаренных подростков ))",positive
"RT @olyailinskaya: @TSF_Peanut Я тебя расстрою, она не там живёт. :D",positive
@Kudahtalka я  последнего фильма не видел :(,negative
"Мда... плохое начала дня:(
Еще и диктант этот.",negative
И так. У меня в 4 утра начал обновляется андроид. Я ждала пока он обновится где то час! Серьезно! Я не выспалась из за него :(,negative
"@Lisenok_412 ооо,поздравляю:3 я выспался сегодня:) еще мне снилась Гага лол",positive
"@misha_mishutka блять,та це крутий табєль! тємболіє для мальчика! не то шо у нас в 5 школі,у дєвочок хуже(",negative
"Друзья, до сих пор оооочень ищу квартиру ((((Оооочень и оооочень срочно ((Хел плиз. Желательно центр",negative
@SAY__HO не правда..просто закрутился на работе Кать..плюс учеба..не дуйся на не ахуенного меня!),positive
"@Charity_Rum спросишь мне скажи, я драйв хочу, а одной не прикольно(",negative
"Sucker Punch прекрасный фильм. Не понимаю, когда на него говнят(",negative
"Родители как бы должны поддерживать своих детей во всем,а у меня все так,что я для них гавно.(",negative
"@KhanLolka @FansGulnaraK хихи, и правда рассмешили) напоминает спор двух Мамудов на дороге.",positive
"профессиональные навыки: ( word, excel, internet, outlook, 1с 7",negative
@CEKC_C_MAPCAMu я сегодня проснулся в час дня :-) типа еще энергия осталась,positive
"У меня новая традиция
В 11:11 если я еще не сплю я мечтаю
Просто мечтаю обо всем:)",positive
"я совсем не знаю,что подарить своим девкам на новый год:((((",negative
"Пиздец((( Но если не вернет, пусть на его совести будет(",negative
@shkesik блиа.. Я огорчена своей ошибкой((( ну в смысле орфографии,negative
"@ame_divinisee я тебе еще месяц назад на шахте пару раз пыталась тебе сказать,а тебе то некогда было,то отвлекалась и мимо ушей пропускала)",positive
http://t.co/sPlW4znSG4 Как же все-таки трудно без настоящей лучшей подруги….((((,negative
@disappointmeen с костью на руке что-то не так ;(,negative
"Почему я ростом такая маленькая:(все все младшие сестренки,племянники выше меня ростом:/несправедливо&gt;_&lt; была бы худой хотя бы",negative
RT @chumazzyj: в #Shazam Угар в исполнении DJ M.E.G. Feat. Serebro. Ноавится песня)) #song #moscow #music #россия http://t.co/240O5b6ttr,positive
RT @hobigabaduz: осталось 15% батареи. Я сижу в первом вагоне и под шум дизеля пью нескафе классик и жую казенаки. Пока все хорошо :-) Смо,positive
"RT @LyubaSverlova: Открыла открытку, а там...""тебя все равно никто не заменит""
Очень приятно узнать такую вещь^_^",positive
RT @CTPAX_BO_MNE: #np Ранетки - Опавшие листья (,negative
эх( через 2 дня в школу (( а так еще хочется отдохнут,negative
@Lesya_Galieva Зачем ты напомнила? Я только отвлеклась(((((,negative
"RT @DianaPayne_: когда вчера легла спать, то вся моя постель пахла подругами и я вспоминала вчера(((",negative
"Ну в смысле отек, да такой же как вчера утром(((",negative
"Парень каждый нг дарит мне новенький телефон, надоел, придумай еще что нибудь((",negative
"Я уже помыла полы и пропылесосила)
Щас надо убрать мою комнату и приготовить ужин.",positive
"целый день сильно болит голова...( когда мне так нужны физические силы, чтобы досдать все последние лабы, их нет(",negative
@Vicmut_dream агаааааа)))) а еще здесь они танцевали с Мэнни из Книжного магазинчика *_*,positive
"@FromYesterday33 черногорск-чернодыырочка, тебе это вообще ничего не даст:D  а ты?",positive
@walter_tanyaZ а я еще нит :| мне нада бижать,negative
“@_dayanka: Мафака. Следующий сезон @Orel_i_Reshka начнут новые ведущие! Бедняков! Не смей уходить! Я не выдержу :((”.  Что???,negative
"Алкоголь тут с 11, ну збс((( Надо на ром, что ли, развести мать",negative
"божеее,какая красивая зима...сразу исчезли грустные мысли о том,что мне выскажут на проекте))",positive
счастливое прошлое горестное настоящее и неизвестное будущее((((,negative
что-то почта россии не хочет доставить мне мои подарки до нг =(,negative
"@MEG4TROON в инста и вк:(
В живую я боюсь знакомиться:(",negative
"@Mary__Zzz дерьмо случается, видимо не судьба тебе на тгп попасть)",positive
Ну неужели!) наконец мой заказ доставляется ) http://t.co/6H3U6GCKOx,positive
RT @Do_or_PIE__: #Снаступающимтвиттерский @nastya_ronaldo,negative
"@lenk0yan это все инстаграм хитрый, морду лица разглаживает )))))",positive
"это
лучший комментарий под фотографией Пола Уокера,на аве очередной тп:-) http://t.co/nYoJdhUNkj",positive
"RT @BremboTwit: Китайский инженер продал душу дьяволу,
а через неделю она сломалась(((",negative
"я хочу накрутить волосы,но блять они слишком короткие :(",negative
@lawyer_of_death азазазазазазазазза))00)00))))))))))00)0)),positive
"@Backstage_MSC @CrocusGroup @eminofficial Поздравляю вас! Я вас очень люблю! Желаю вам здоровья,счастья,успехов во всем!:)",positive
"@manya_sun_18 у неё будет сольник летом у нас? А то я зимой пока не собираюсь...
Спасибо))",positive
"хочу спать, но времени, как всегда, на это нет :( 
эх, не забочусь я о себе любимой!",negative
@VladaShostak каааак? Тож на 10 казала та (,negative
RT @MissisTanyae: Хочу спать но надо делать уроки=( жизнь боль=(,negative
"Мои тяжелые волосы не закручиваются на плойку, ааааааааааааааааааааааа. Вся голова уже горячая от горячего воздуха от плойки(",negative
"Шумахер впал в кому ((( после стольких гонок, такой нелепый случай.",negative
"Скормить тарелку картошки вертлявому ребенку я смогла, а починить машинку нет :(",negative
"@Thisis_WAAAAAR я и прыщавый, и страшный, и жирный, и всё вместе :-)",positive
"А кто же чемпион ""КУЗБАССА""? Все верно друг мог,команда вторая слева ""ВСЕ СЕРЬЕЗНО""!)))
Конечно… http://t.co/plcdMDwDYL",positive
"Именно так, мне запомнился этот день :) http://t.co/KPwnRGEYMB",positive
"@annTchedy а проверенные проиграют, скажут, что старички :(",negative
"@m_gapeenko ахахах все дети хотят из школы домой, и только ты хочешь из дома в школу)",positive
"Офигенный день!
день позитива)
бегал как идиот целый день!
танцы офигенны, хоть я и ракал но мне очень понравилось!",positive
RT @panda_Tao_: Так к нам и пришел Илай)) Уж очень он тоже хотел выучить этот танец:)),positive
Что ты чаще всего покупаешь в магазине? — жвачку) http://t.co/JmJG4A4EXq,positive
"RT @antolna: Проект, не пошел бы ты вон из моей головы? Я спать хочу :(",negative
RT @unicorn8rainbow: Ну почему не плюс?:( http://t.co/efNG0kHfS0,negative
"@crapsome вариант ""макне в шоколаде"" мне нравится больше))",positive
@irina_big6969 скоро выход)))) http://t.co/5tXypeblzG,positive
"@pisyalolka ой ты ответила на это, а я удалила ( а может и не сосун он, у меня предубеждение из-за кое-чего",negative
@mashamalbork я лежала а она со всей силы ногой стукнула (,negative
"RT @lefatexopap: Лан, на сегодня хватит, спать пора :) А то я бы тут ещё рассказал как Корнелюка послушал, Рыбникова, Арьтемьева и завис н",positive
"Мне приятно было с тобой общаться , не такое уж и холодное было общение , удивительно )",positive
"Хочешь уйти раньше?-Приходи раньше. Хорошо,что сегодня не холодно)",positive
@niechunaieval. Маме кушать надо готовить на завтро а воды нет;(,negative
"@hizu_kun ахаха, ну, блин(( читай приквелы!",negative
@huestol блин с телефона ничего не видно(,negative
RT @valja_pa_870273: если дохуя хуёва значит скоро заебись),positive
"Если честно бесет когда ,парень блятььь ну такой красавчиккк,, аааа но тупаой пиздецццц блять, за что мне такое наказание((",negative
"RT @nakolapih: Кстати, идея про стартап (",negative
"RT @prisonero_O: Я не умею просто решать тесты по английскому. Нет. 
Three days Grace
My Chemical Romance http://t.co/vXUCIBQVIQ",negative
"@priveeetkakdela так скучаю, Рома( до соплей(",negative
Как же здорово оказаться в зимнем лесу!) http://t.co/XqneWdUvZB,positive
#ВзаимныйФолловинг Авто плюс Наши тесты Volkswagen Amarok с АКПП 2012) http://t.co/4PPFICstIY,positive
RT @safonov016: Когда последние игры в рфпл закончатся!!!а то заждались!!!))))) http://t.co/J6hiWlkPDS,positive
RT @AndreiMertens: ) Регистировать самой в ручную? Я на такой подвиг не готова,positive
Просто не нарадуюсь этому дню!!! Он великолепен!!! Особенно вечер) спасибо... Без тебя и тебя я теперь никуда),positive
Доброе утро тви! Как же не хочу в школу :(,negative
"Бля.теперь я все больше и больше хочу посмотреть ""Хатико"" :( жизнь боль",negative
"RT @Ann_MaDNess: после сыра ""Панда"" в течение двух недель,мне омлет кажется деликатесом)",positive
@aluona2704 ну что за пессимистичное настроение в последние время?( Улыбнись что- ли!,negative
@kolydka только портвейн Массандра ну или водку с маслинкой с косточкой не решил еще... За маслинкой идти надо :-(,negative
"@Sashka_zhukova тоже плохо, сердце посадишь!! Будешь мучатся как я;(",negative
"ну вот что за беспредел! теперь у меня чувство, будто бы я напросилась на подарок(",negative
Голова болит:( руки болят:(( а тебе теперь похуй... Почему?,negative
@tozafizz )) Я и сам не играю. На компе ни одной игрушки нет. Купил чисто работать )),positive
"@f1xus да, в мире игрушек они нашли свое место, жалко, времени не хватает на конструкторы :(",negative
"RT @hivyhawamimy: 5:0? А у депортивы в воротах кто-то стоял, или барселонцы в пустые били? :D",positive
"Или как у крайон поп
Гееет, сееееет, редииии, ГОУ :D",positive
"RT @radioutkin: Ну вот как Устюгов три пудельнул? Ну, вот почему?(((",negative
ыыы..7 не сдала((  там одно задание нормально..второе никак((и автобус или маршрутку ждать пришлось((,negative
"Люблю позу, когда Я сверху. А что?  надоело … встала и ушла…)))",positive
ну есть же учителя которые портят настроение в др:(((,negative
"Я уже поскорее хочу #holiday ,
но блн впереди ещё подготовка к #нг и контрольные(",negative
RT @geefrnk: #ПредновогодниеОбнимашки  @stylessooon @eurofan_huilo @rumarya_2309 @alainwinor @Molko_od @suicide__cult @stooonem @UnicornMas…,negative
"@BukalovaK как это??? блять((
обрежу все батареи нах",negative
"Осадок на душе остаётся, когда кто-то то трогает тебя за коленку)",positive
@AppleNewsinru а как же ссылочку в твит добавить? :(,negative
"Впервые совсем не волнуюсь,сдам или нет. Просто хочу уже быть свободной,как все нормальные люди :(",negative
"Ну вот, мне звонила Елена, и поговорить все равно не получилось..(",negative
"ужасно хочу спать,всем сладких)) http://t.co/ayntnDO3q5",positive
@AlekseyZhegalin быстро так (; я тоже хочу(((ч,negative
"RT @tijitepymudo: ""Знаете, как Клайв Степлз Льюис говорил, не исключено, что мебель за нашими спинами превращается в кенгуру :)""",positive
RT @vadebiwesada: Как из забродившего яблочного сока сварганить вино?))),positive
"RT @irinaagulova: в Мск снег, а мы как всегда :(",negative
"Смотрю ""Кадетство"".  То, что смотрел в 13 лет и сейчас - разница большая))",positive
RT @lerysssska: есть такой человечек) http://t.co/7M1Nbop2Al,positive
"Когда тебе не хватило 2,5 баллов, чтобы пройти на область, ты понимаешь, что ты не тупой :D
честно, думала буду последней ",positive
"@morkvo блин, уже увидел. ладно, будем ждать((",negative
@69olgaknopa эх...(( что же ты?...(( тебе сейчас никакой Кузьмин не в радость...((,negative
"Обидно, досадно, но завтра понедельник ( http://t.co/WMBtd3ICGB",negative
"@junger_Trommler скажи ему чтоб не выёбывался, ну 8)",positive
"я тоже этим бредил. чувак, у тебя ничего не выйдет, так что забудь :DD http://t.co/cmSLMFPCVP",positive
"Пообедала, вроде получше стало;) http://t.co/eQSRxCvEjT",positive
"если бы я могла перейти в класс, где адеквадный учитель биологии и по химии проходят только теорию :(",negative
"Мы с Васюшай боимся одного,что подеремся из за какой ни будь вещички))",positive
@belogolovcev неужели Коржаков наконец то попал.))),positive
"@yob_tuo_llaf Почему ты ставишь "":)""? Что-то не так?",positive
Самая тяжелая контрольная работа за год)) Привет я стресс)),positive
за последние дни выспалась на сто лет вперед (,negative
"сутра пошла в СумДУ поддержать Таню в конкурсе, заодно прошла футквест, получила массу эмоций, познакомилась с очень крутыми людьми))",positive
уйду я от вас в скайрим. злые вы все. кидаете меня уже который раз все :((,negative
@Julia_Yozhik @nubic Ждем-с когда звезды начнут называть детей известными марками унитазов;),positive
у меня такое дикое желание швырануть макароны на потолок),positive
@Biblicaldoctor @VRSoloviev какая работа? Родина в опасности:),positive
"RT @do_orpie: меня сейчас два раза блокировали за нарушения
я боюсь
#mtvstars 30 Seconds To Mars",negative
"Diamante: ну вот всегда так у нас :( / Diamante: время на летнее перевели, а погоду нет!",negative
"а нет, показалось. он просто открылся :((((",negative
"мне кажется,я хочу себе котейку
но я не люблю котов (",negative
"@1AnnaLand блог. тип тамблера)) 
я там давно уже не был :с",positive
"@serg_smirnoff ну видно да, на калькуляторе, пишущей машинке... ввод без интернета я уже и не рассматриваю даже :)",positive
"@gari18 да, но до понедельника она не нужна, так что в понедельник… ;)",positive
"Прочитал ""Недотёпу"" С. Лукьяненко. Приятная такая сказка) Ммм.. ну, фэнтези всмысле :-)",positive
"@FiannaAonair ЛАЛ :DDD
ГЕНИУС
Я бы тоже из дома сбежал.",positive
"@like_linu ахаха,с Найлом из Челябинска которому 13 лет:D",positive
RT @Creative_Link: Иван Царевич и Серый Волк - 2. Идем в кино? премьера 26 декабря))) http://t.co/gmelSGMIuW,positive
"почему я всегда оказываюсь не в том месте,делаю то, что не хочу делать и встречаю людей, с которыми видеться не хочу :(",negative
"@AlesyaYasha @ShadyBennington снег, мешающий увидеть пейзаж. Вот суть этого фото)",positive
"залипаю за компом, слушая репчину. не могу настроится на выполнения уроков))",positive
ну чего личная жизнь так интересует других людей? портят всё даже те от кого не ожидаешь этого(((,negative
Не любит меня никто ;( пойду лучше уроки делать ;(,negative
Папа смотрит машу и медведь :-)33серию ето очень смешно,positive
Есть хочу! &gt;___&lt; Прям даже жрать :(,negative
"Посмотрела на свои фотки и мне показалось,что я старею...где мои 15((",negative
"Не хотела я в Шелехов ехать, а вот теперь хочу(
Ибо, тут делать нечего.",negative
@Dinochkalondon это горизонт иногда заваливается)а не мы и не елка :D,positive
Немного любви в холодном городе :) http://t.co/jqjTkiEmi2,positive
RT @victoriakapkyuk: @IlonaGavr ни очинь (((,negative
плохое соединение с Инетом? зато в холодильнике крабовый салат :-),positive
"Ну и обещала показать блюдо от keslermaria , купленное в #jerusalembazar_shop ))) оно огромное!!! И… http://t.co/TlikWmbTnD",positive
отлично сказано РТ @werk_bitch имхо - вся прелесть людей в их неидеальности :),positive
"У меня нет парня в 19 лет, потому что нормальные девушки заводят их в 11-13 лет :( я сбой в природе :(",negative
"""Харош, блядь! Заебал копать!.. Копальщик..."" Не дают коту сходить в туалет ;(",negative
RT @Kate_Clapp: НОВОЕ ВИДЕО!!! :D Ретвит? :) http://t.co/vXt6CLfpdD,positive
"RT @richard_dielone: Черт, как же сильно болит голова! :(",negative
"Мой голос от души повеселил @safonovamo ,@ksuazaza ,@vinegradow.Кое-кто рассмеялась до слез)",positive
"""Что ты до 4 утра делала?!"" вместо ""с добрым утром!"" лол)",positive
"Сдал сложнейший из семестровых экзаменов. На ""4"", но сдал
Впереди 2 ""полуавтоматных"" и долг по теорверу(",negative
"@Kris_Andr Благодарю ;) и тебе, что бы твой ребёночек рос здоровым) а ты радовалась его успехам ;)",positive
"@dooletovm печалько..(( тебя любят на физике по особенному, наверное..",negative
RT @Zhenkka: @Garik2000 https://t.co/g5PK6Up38J ты обоссышься  от смеха :DDDDD,positive
"@AlinaThis @lizaKireevskaia вообще эту песню много кто исполняет!))
Апхаха)) я перепою!!;D;D",positive
"На улице неуютно,да и из дома выходить не хочется,но надо. Выезжаю на консультацию :( http://t.co/yzlAEffHzj",negative
"@ChemicalM4dness ну ладно:D
ахаха,блин,это же гениально:D
я на гавнюка какого-нить поставлю:D",positive
RT @LIGAnet: ... 4) призвал отменить визы для украинцев;  5) одобрил подписание СА в случае выполнения условий; 6) осудил Россию за давлени…,positive
"Нынешний январь просто плюёт в душу тем, у кого новая шуба :(",negative
"RT @bimmerrrrr: гыгыгы, смешно пздц(((((99((9( http://t.co/FaBotcHz5o",negative
"Я решил сначала выучить физику, сразу расправиться со всеми напрягающими меня делами, а только потом поесть и отдохнуть и читать :)",positive
"На ровном месте скандал,раздуть из мухи слона,видеть проблемы когда их нет!Явно не мое)",positive
"ахахаха, не здесь это обсуждать, не здесь:D :D :D :D :D — намёк понят :DDDD http://t.co/atv8fz8yZ9",positive
Желаемая вакансия: Java Junior Developer. Опыт работы: программирование электрических стеклоподъемников для центральной консоли Mazda 3. =),positive
"@LP_GODofMusic Я завтра постираю, просто я была сегодня занята с Зоей и Жанной =(",negative
RT @rustaveli1981: Люди не хотят стоять. Люди хотят действовать. Чтобы смести власть выйдут все.... ( #Євромайдан live at http://t.co/tUHPD…,negative
"Со вчерашнего дня хотим сходить на мультфильм ""Холодное сердце"", но билетов нет на ни один сеанс(((",negative
RT @OSTBLOCK_46_BS: Почти каждую минуту добавляются новые читатели :) всем привет и огромное спасибо! За интерес и чтение наших друзей и ст…,positive
"RT @katysha_melnik: @Lulkaaa аха,все, в пн.на физ-ре играем в снежки:)",positive
Никто не хочет сегодня со мной пива выпить((!опять прийдется в одного пить!!(,negative
"@misterrpanda это норма:) Потом дай знать,что все же посмотришь)))",positive
"Сочинил для Парнявской стихи в честь др, а ей не нравится( @tanyushkiiin",negative
"у меня не будит праздника ;(
#жизньболь 
#НГотстой",negative
"Собрал вещи, которые не ношу. Раздумываю, не стыдно ли их отдать местным бомжам. 
Ещё подумают, что навязываю:(",negative
"Стало известно имя первого казахстанца, который будет захоронен в Национальном пантеоне http://t.co/jC7ViU3p0R А маразм все крепчал (((",negative
ну что ж) давай посмотрим что будет дальше с тобой),positive
не беру животное без вас((( http://t.co/UV4w6bwj9F,negative
"шоке..мужчина всех моих детских грез!в 52 выглядит как дед!Жан,как так?!мы же должны были пожениться!!а ты стареешь( http://t.co/yGJDUoYe8V",negative
"RT @Nastya_Tsy: -Девочки, почему вы смеетесь?
-Да это формулы у вас смешные:D",positive
"Эй! Андрей Нифёдов!
Короче 300-й твит твой :D
#omskoetv",positive
"@Yulialove2000 Но на 9 Дачную, тоже в лом ехать..(",negative
"@ckrakozyabra вот и я,я думаю мне бы работа могла,но нет думаю,а так бы с радостью пошел бы хоть на какую-то на работу,но мне нельзя(",negative
"Хочу ЙеКю *депрессует*
Я даже не знаю, что можно написать по КюМинам( не вижу их...",negative
"@sophia_sofya У меня одной, все медленно происходит?:D",positive
@AppleJesus гарантия идет от вашего магазина или от apple? И как на счет скидок подписчикам),positive
"#биатлон 
1:20...Видимо, все-таки Слепцова не доходит до мирового уровня :(",negative
RT @zojucyfonyr: Эхма... Steam не запускается :(,negative
сегодня такой красивый морозно-солнечный день что просто ах ах ах),positive
"@daseg блин, поговорить можно и бесплатно! :(",negative
@rudzyanko в 4 утра ты уже должна была спать) а на счет parasole вообще без проблем,positive
"RT @bejihifojo: Живём на земле , а цены космические) http://t.co/RtZwRCEUBA",positive
Только у меня скорость закачки с Улыбайки невероятно сильно упала??? Стала очень маленькой... Печаль :(,negative
Ребят сейчас буду писать пробное гиа по математике.пожелайте удачи!),positive
"Бля мне на понедельник столько стоит сделать а не когда(
Пиздец",negative
Самую качевую музейшн мне скидывает мамаджан;-) http://t.co/4kqohNQM0t,positive
"лента я скучала по вам. 
но меня походу никто не помнит :(",negative
"Спектакль""Аттракцион"" не понравился:( @ ""МОСТ"" театр http://t.co/TJYvuhhsx2",negative
Завтра меня ждет увлекательное выполнение задания по лит-ре((,negative
"Спокойной ночи,у меня есть 3 часа чтоб поспать:((",negative
бля ну ким чондэ(((((( http://t.co/DdwkILjzg6,negative
"Я, кстати, заметила, что у меня очень отросли волосы.
И конечно они поменяли цвет :( http://t.co/9w5kF0mqe3",negative
"""@hell_spite: @PerryYtkonoss ой, мырмырмыр
женууууш""Белоснежка и 7 гномов:))))))))))))))))))))))))))))))))))",positive
"@OlyaValsbaston @lebiaga Да и я тоже, не смотрю ни того ни другого=)))) НИКОГДА вообще..))))))",positive
"@CheerfolUnicorn да я чот как та норм вроде. ток не выспался, а ща еще уроки делать(9((((",negative
"Еще одна кружка кофе и во мне включится режим ""пацандобль"" :D",positive
@Egorka_Bazuka я гулять тебя хотела позвать (,negative
"Страдаю insomnia dyslexia в последнее время, а окружающим забавно... ^_^",positive
RT @dulovuzaluc: А мне щас надо выйти из сухой и тёплой маршрутки и прогуляться пешочком(,negative
"@GrigoriyShironz понял этот момент,там настоящих Х5 не было,я не нашел((((((( Я тебе короч магнитик везу с музеях",negative
"Привык уже ""Я"" писать с большой буквы.
В отчете пишу, стираю. Пишу, стираю :(",negative
"С праздником! Лучше поздно, чем никогда) #ПосланиеПрезидента #ДеньКонституции http://t.co/t7GdvXTrmS",positive
"@ElinaFarzalieva :(( 
ты даже перед самым НГ не зайдёшь?",negative
"Если вы считаете, что никому до вас нет дела, попробуйте пропустить парочку платежей за квартиру )",positive
Продолжаю матереть. Теперь у меня есть подписанный персональный договор на обслуживание с курьерской службой. :D,positive
"Учить фотать, тяжелее фотать самому. Особенно если сам не умеешь фотать. Бида :(",negative
"Уже сегодня экзамен , время быстро пролетело (",negative
Старший котейка совсем странно стал вести. Кажется не долго ему осталось(,negative
«ВКонтакте» начали показывать рекламу игровых приложений в ленте. Теперь мы все знаем о боли :(,negative
"Праздник не задается;( Сначала упал потолок, теперь стекло разбили;(",negative
"я ей скачала игры еще.
я ей много чего скачала.
еще я скачал ей тап тап,точнее себе:D
бля,сука,ебная FIFA14,долго грузила сука,ну ничего.",positive
"RT @tina_kandelaki: Этому утверждению Эминема даже нечего возразить. Тысячу раз ""ДА!"") http://t.co/IPUIwcPPwQ",positive
"RT @xypukyvefov: в питере ребеночка прибило сосулей :-( , от вой то поднимится, за одно вспомнили про прошлогоднию 13-ую квитанцию",negative
"@Ksuhanskiy крутой мужик)По произношению и внешности думали что он из Америки, в конце урока долго гадали, но оказалось что из Беларусии.",positive
На четвертом десятке узнала что джейквери не работает с псевдоэлементами :(,negative
"@rusnakanna1 он голодает с тобой, с него уже хватит, наверное)",positive
"@Briuse  О ГОСПОДИ, ЭТО ТАК МИЛО((((((( КУНЯШЕЧКА**",negative
"RT @igorlogachev: @volkova2312 хоть один человек со мной согласен, спасибо, я твой должник :)",positive
"@EvgeniyKoval мне уже 25!!ну я мимику на лбу не контролирую,поэтому и большие заломы(",negative
"@Julia_Ia шо такое лиц? оО 
яйца там, не придумывай :D у нас на эконом теории преподша говорит, что яйца - это классический пример :D",positive
Сижу за компом слушаю Европу плюс.. Пытаюсь не забивать голову мыслями.. Пока не получается(((,negative
RT @Azad_341: Разобрался наконец то как управлять модами из Grand Theft Auto 4 - Final Mod. Теперь просто Бог ;),positive
прикольно) / поза +/- / качество - / а так норм / Ваша критика 5-7 комментарий :3 http://t.co/8KA19beWgr,positive
Взяли все и кинули...бесит! Одной дома не прикольно(((,negative
@Byrdosha эх.ну это походу клеймо по жизни((,negative
"RT @artemprime2013: Гомель спасибо,вы очень крутые))",positive
@Margarita_Meggi нет)не отменили)я просто после тренировки была),positive
Лежу болею... Мама тоже заболела... Вооот он праздник),positive
"@mendeleevaaa @KotBATbKOVICH ахах
Внатуре, не стоило, конечно ))",positive
"Год назад, крутые на КЭС попали. 

:( http://t.co/WSuSdW0uOy",negative
"RT @july_to_october: Пацан написал в тетради по ОБЖ ""не бейте, лучше обоссыте""
Хотел проверить училку, читает ли она работы
Поставила ему д…",negative
"@YeeeS__ @myrchik89 ну я поняла,но почему не педик:DDDD",positive
"@Nikita_Dinozavr @NastyaSashka и каток не работает ни в субботу, ни в воскресенье:(",negative
RT @_1Dinmyheart: @recklessSie иди покакай :DDDDDDD,positive
"@katttttiii Далеко не все) Я выхожу в последний момент, и мой внешний вид довольно пугающий.",positive
"Тебе повезло ты не такой, как все. Ты работаешь в офисе. ©   З.Ы. Свершилось o_O http://t.co/UF1MGN2mbi",negative
@I_Know88 я вот думала у тебя попросить... но выбрала другое)),positive
У меня дома тааакой медведь живет теперь)он с меня ростом)),positive
"так приятно порой,что меня не забываю и МЕЛКИЕ людишки делают мне черный пиар)Спасибо,ребята от души)",positive
"RT @MarikaChery: В конце концов, ей же нужно деньги зарабатывать) Она должна вернуться в кино=)))",positive
"Кто завтра придет на др Молко, тот увидит, что мы из этого сделали) http://t.co/NRfrrrOFkF",positive
"@Alina_Fetisova_ :D тихо тихо)) не при людях,тут у нас всё засекречено)",positive
"@MChernushevich ну правильно, на крайняк, уже летом переживать не придется))",positive
"@kissakissa9 не верит, что я ей не чего на аск не писала!!ну не верит, не надо*)",positive
RT @yulkapulka01: @BAD_TOMAT я имел в виду клетки :-)),positive
"Не люблю сладкое, но все только его и таскают) обрадую мамулю)",positive
RT @sp_patrik: Баркос похож на Есенина!) Однозначно),positive
@altangadas_sh аан сая нэг дуудлага ирээд дургүй хүрчлээ :(,negative
"RT @sol_solnec: @EKoltsov @TVmosobl Угар, похоже, только в твиттере. В реальности тут совсем тихо и скучно :( #полебитвытвиттер",negative
"@pashnina_diana на ефремова чем то смахивает , не в обиду)",positive
"RT @hanevugisoky: Вот некоторые люди, всех вокруг говном поливать любят, стоит их уличить — сразу тебя в BL пихают. :) Такие милые.",positive
"@rukosueva1993 
ахахахах конечно твои,чьи же еще?;)",positive
RT @Krilowa_Olga: Джейкоби волнуется =)) И на нем дурацкая кофта),positive
@Alexey_Bondar ххах много раз видела такие парочки) мило и смешно),positive
"Одьэ... Так радовалась за просмотром росомахи части второй, когда понимала о чем говорили японцы. ;)))",positive
"RT @tepokohtp: Бля, я думал я один так думаю:D http://t.co/TgioUCoBVo",positive
"@AlchemistLily сочувствую, у меня так несколько лет назад было, у меня все фото и видео личные удалились(",negative
"RT @RUDY_Skins: @jermanottatatja кто-то очень упоролся, наверно луком укололся :D",positive
"Работа проходит в плановом режиме, дома предстоит автопати)",positive
"Кто-то из волонтеров цинично ляпнул, что часть детей которых мы поздравляем в НИИ педиатрии встречают последний Новый год:(",negative
"Блин, не хочется ничего делать. А нужно столько рисовать:( фак:(",negative
каждый день я просыпаюсь ровно в 4 утра и больше не могу уснуть( Что мне делать?,negative
@iamstinger дак заставят блогеров ловить :(,negative
завтра полдня проведём с @alinka_stoma:)волнение будет присутствовать полюбому:)Нам бы удачи ещё:),positive
"А Лина, растеряша !))
ахахах http://t.co/nayiNi2jzS",positive
@homyak_ubiyca дадада - теряемся во времени и пространстве))),positive
почему никто не отвечает :( http://t.co/tJbjkWYNWN,negative
Как же хочу научиться играть на синтезаторе :(,negative
"начала смотреть ""дневники вампира""
блин, Винчестеров на вас нет)",positive
http://t.co/189UYNN5kf была :D — ащзпшразхп так и знааал http://t.co/EfI6fTY3p1,positive
"-мам, мне так грустно и тоскливо(((((((((
-попробуй помедитировать
НУ АХУЕТЬ ТЕПЕРЬ, СПАСИБ",negative
"@MarinaMashirova ты забыла гематоген, а я забыл сделать чекин :((((",negative
как дела? — не очень(((((( http://t.co/XJotHWipL1,negative
хочу напиться в хлам в хлам .....................(,negative
"сгоняла в Мегу:новая шапка, штанишки, пуловеер) 
на следующих поебашу в Бум",positive
@Nosk200900 я знаю( я пролетела с декабрьским набором((,negative
"RT @JSavutova: ""@taurus_astro7: 14.12 #Телец #Taurus Сегодня Тельцам
придётся расстаться с кругленькой суммой
денег"" что я и сделала (",negative
RT @mvolnistova: ось воно як насправді!!! :) http://t.co/uAp69vxFz3,positive
"Наша мама громко плачет,что в квартире все свинячат,тихо мамочка не плачь,у других такой же срач!)))",positive
"@aleshru У каждого своё ""добро"". У Прохорова и Абрамовича - своё,  у нас - своё. Пока побеждает их ""добро""(((",negative
RT @dasha2707_dasha: Я их обожаю)) Доминиканы) http://t.co/mziBg6Mi,positive
"я вообще полгода не понимала что за хрень мы проходим, а тут мне дэзэшку делать надо:(((( прям школодрон",negative
"Последний день курсов
Я грусняшки :((
Было весело",negative
"@komandnaya вчерашние ж новости, Маш)) http://t.co/eIYqoK8Pu5",positive
"@black_swan33 @YuliyaRychka Поверьте, очень быстро привыкаешь, потом даже начинаешь ловить от этого кайф.)))",positive
"@ViktoryOrlova ну и дурочка :(
А я люблю тебя &lt;3",negative
"@NkBasya эт да
Два пьяных человека в ленте - слишком много для почти всегда трезвого Эндрю :(",negative
"блин(( кажется, я потеряла судзуранскую выпускную ленточку :с",negative
"Девушка - как инспектор ГИБДД: хуйни наговорит, деньги отберёт, настроение испортит, а ты ещё и виноват((((",negative
"Нужна ли тебе ёлка на новый год? — Конечно , особенно та которая Девликамова :-D http://t.co/hoBZO8SLoD",positive
"@H1mkinet а у кого-то завтра работа :-D :-( поверь,я лучше бы поиграл бы :-D",negative
"@Julia90701 да без проблем :)
только напомни мне, а то я к вечеру забыть могу, ахах :D",positive
"Услышала песню:
Ты ушел, не смыв за собой, и я поняла, что ДЫШУ ТОБОЙ!
Мир больше не будет прежним(",negative
RT @Helena_mail: Вспоминаю как с подругой стали дирекшионерами....эх уже почти год назад :(,negative
"ностальжи
Леша :( Дима :( Юля :( Соседов :( Кондратюк :( Серега :(
Леша :( а Лешу я уже называла? :(",negative
RT @inside_only: @logvin_ept знаю) группа идеальная) 6 альбомов на телефоне:D и каждая песня любимая,positive
Так ...Давайте в игру ....Приз 30 лайков))) / Я ХОЧУ / ............Поехали ...оцениваююю   у кого красивее)) / Я хочу фруктов,positive
"Я же не верю еще,что больше не смогу позвонить (или ты не позвонишь и никогда больше не скажешь""звони мне""прости меня моя родная(((",negative
"RT @k2young7: @Unicorny17 ну да,иногда могу.
Райкер^^ 
ну вк песни некачественные:((",negative
"Сегодня бодаемся с соседушками) Будет как всегда, весело,боевито, может даже подерёмся, будет много удалений,но будет чертовски интересно!!!",positive
"@Flikernyash ООУУУ
НУ У НАС ЕСЛИ НИЖЕ -25,ТО ВСЕ
ДОМА)",positive
@lenamaltseva от лимона уже зубы ломит :(,negative
"Эх, жаль веселье было не долгим((( села готовиться к зачету...",negative
"Сериал ""Стрела"". Что стоит на столе, м?;-) http://t.co/PXR83y3UzE",positive
"RT @volettvol38: хорошие девочки, хотят плохих мальчиков...).",positive
"@tomilovada хорошо, только из школы пришел, мы там коридор к нг украшали:D 
а ты как? с:",positive
@pony_uprt еще сама не знаю) хаха что тоо &gt;&lt; :D,positive
-47 блядь!я думал сегодня чутка потеплее будет :(((((,negative
"Коняш пришел со столовой 
Опоздал на урок на 15 минут и уже повидался с завучем :D",positive
Некоторые друзья прям вытянули видео))) а кто на 16:09??? Я в него влюбилась ♥♥,positive
"@mar_adent Дело Дениса Попова живет =)
К сожалению, карты глубины по картинкам с двух камер маловато для управления машинкой.",positive
@savsveta @Marusyaha @xs_lana Я думал их три:(((,negative
"нужно провести референдум 
""как нужно казнить януковича, азарова и ефремова?
а) сжечь заживо
б) повесить""",positive
"@roar181 ооо, что сейчас проходите?
а мне стих сегодня на литре рассказывать, который я плохо знаю(",negative
"мультик на ночь, вот что нужно для полного счастья(",negative
"Пышки лежат на столе и давят на меня(
Но я худеющая ледяная глыба, так что эти ублюдки в сахарной пудре для меня вообще никто!!!",negative
"RT @Creative_Link: Дождались! Официальный трейлер ""Иван Царевич и Серый Волк - 2"". Смотреть всем: http://t.co/gmelSGMIuW Толи еще будет)",positive
"RT @vatewofihik: Наплодил кучу аккаунтов, а удалить некак :(",negative
"@ninnefeetunder безумно рад, что мои мысли вдохновляют
этого я и хочу, если честно - чтобы я вдохновлял на что-то хорошее и позитивное :)",positive
@kostigoff @Max99Tankard Татка феерична в своих противоречиях!Видимо приступы шизофрении сменялись не раз во время написания текста! :-),positive
Красавица @sophia_micheeva :* http://t.co/2NhXxsHA6Z,positive
"@Andrey_Simon походу щас еще тебя так называть будут))) а че,не нравится?))",positive
@hashaahair хэхэ... Болждээ. Хегжилтэй цаг санаанд ороод хэсэг инээлээ. :-),positive
"Никогда не любил др ,
так как я его никогда не проводил круто (",negative
"Слава позвонил, услышал мой голос и перенес тренировку на 5 вечера, если станет лучше. Ох(",negative
@Shakalad73 опоздал на минуту((  но есть след вопрос о том сколько лет Елки Палки работают в Версале?,negative
"Ужасно закончить четверть с одной 3 :(
При чём перед праздником.",negative
"@blogger639 к счастью, у нас очень много красивых женщин. И чтобы их увидеть достаточно просто иногда выходить из дома. Наверное приелось ))",positive
Давайте быстрей выздоравливайте=*** Мы по вам соскучились=***)) http://t.co/Pda52eBZVi,positive
"@_skyD_ нуу, тогда это как-то и не сольник..хотя очень может быть))",positive
ПИДРСКАЯ МАНДАРИНКА НЕ ЧИСТИЦА((((((((((((((((((,negative
"-Фильм ""Хранители""
-А как называется?
-Хранители блять!
ахахах
 роуч тупанула :D",positive
Я тебя люблю - на многих языках мира) http://t.co/z87vLEN6D3,positive
Что случилось с @Zhanna_Friske?( Давайте ей поможем и поддержим её!,negative
"Хотел видеть только меня,но я не смогла((",negative
Я скучаюю по вам:( http://t.co/DoEWd0XsAq,negative
"Завтра поедем к брату на присягу, всей семьёй)Соскучились)",positive
RT @Catrin_Flame: “Распоясавшиеся обнаглевшие выходцы из некоторых южных регионов” — Показали Кадырова :),positive
"@AlexKnyz блин блинский,это потеря потерь(((((((((((((((",negative
RT @Simonenko_OS: Сегодня не радует НИ-ЧЕ-ГО,negative
"@VEE_395 на московке, кстати, больше нет таких проблем )",positive
"@CocaineDose собиралась зимой, но отец отказался везти.( я очень хочу, буду по театральному сезону ориентироваться.",negative
По ТНТ идёт полицейская академия. Ностальгия :(,negative
"RT @kriskooool: Кто-то спит в своих теплых постельках, а кто-то идет в юность репетировать:(( сегодня выступаем на соревнованиях по волейбо…",negative
"короче, последний рывок и все....я все смогу, я все сдам!
ниииит.....не могу, хочу каникулы :((",negative
"пускай хоть все руки себе забьет, но возле уха зачем? :(",negative
люблю когда он целует меня в лоб перед сном.....правда теперь только по телефону..((,negative
"ужасная авария(
убить нахуй такий сволочей!
Господи, дай ей выжить!!!!!",negative
RT @losos_somnenii: Через неделю я буду мучить Марка. Муахаха :),positive
RT @detocasal: На ЛОР всё как в жизни. Художник получил признание после смерти :),positive
"Юхуу,призер по инглишу. Как же я раада. Все-таки обещала занять) Мама,это для тебя:*",positive
"@AnastasiiaShu @Bazngaa я канешга хвалилка мастер, но я ебашу по канату без ног, делаю 15 чистых подтягиваний, но я нихуя не гнусь(",negative
Семья!!Пишите сначала твит а потом хэжтег!!!Он же не защитывает по другому((#HappyBdayToRossFromRussia,negative
"завтра уроки с 11:45 :,(
ненавижу понедельники",negative
Проколов нос я не подумала что у меня хронический насморк (,negative
"АГАГАГАГАГА, МЕНЯ ТОКОМ ЕБНУЛО (((((99*(Ывы9",negative
Бля за что Ева сьела этот гребанный фрукт?(,negative
"Сегодня мой сон про любимого нарушил звонок любимого. Смотрю на него вот, а тут открываю глаза и только голос могу слышать(",negative
Ужас-то какой...Все четверги-не мои дни. Однозначно((,negative
"Мы все разные, у каждого свое мнение... Давайте научимся уважать мнения друг друга и все бедет ОК! =)",positive
Ну вот почему я не умею спать днем?! Обидно и досадно! Я ж блять  хронически не высыпаюсь ночью! Ну почемууууу!?((((,negative
а если я какой нибудь педофил? :D — яяяя тожи немного педофил хд http://t.co/59z78gsPjS,positive
@AlesyaYaremenko @the__bestoloch_ ну охуеть теперь!уже не интересно даже смотреть :(,negative
@rusrusdada @lady_Katz кролик Сеня страшен в гневе),positive
@d_DNKL_b опять? ты меня часто пугаешь? девочками какими-то),positive
"RT @zonefavyfexy: Игра на тестовом сервере, где удалось покататься практически на всех интересных мне мегатопах, меня вылечила :-) Понял гл",positive
@Bulletproof_5 @collins_uprt @gtmaill бедные Кукма и Питерс( им читать этот порно рассказ(,negative
@mark_avreLi_ Какое доброе если в школу идти надо? :(,negative
"@UyangaV Олон сайхан илтгэгч, эрч хүчтэй залуустай хамт #TEDtalks #Mongolia олон улсын хэмжээнд хүмүүст хүрсэн арга хэмжээ болж чадсан шүү:)",positive
Как приятно встретить друзей в совершенно не знакомых для тебя местах) да еще на работе.,positive
"нереально голодная, утром покушала и то это блеванула ахахха :(",negative
"@amushinskaya я так само ,кстати у меня уже открыт твиттер )",positive
@lera_valeraaa_ да спасибо) я выбивала ее пятеркой по кдр ахахах :D,positive
Я пожелал счастье ей и её новому парню...и попросил того же чтобы она мне пожелала найти хорошую девушку...она говорит я тебя люблю(,negative
"@velocnaptak между Янги-Абадом, Кадышева и Панельным. Езжай:) @mali4ka_",positive
"@LoginOFF_S ну дык и оборот-то больше давно у него, а вот чистая выручка - только в прошлом году. тут вопрос за счет чего - нет нифига там(",negative
RT @32Galina: @Kryptonite6969 ахахвха ясна:)ну удачи тебе о/,positive
"хочу отправить Дед Морозу письмо , а он меня не добавляет!!!! А он онлаайн!!!!! Все вы мужики одинаковые(((",negative
"А-а-а! Он третий час жрет мою память и жалуется, что ему мало! И это еще без травы! :(",negative
"RT @AinuraRiza: Ужасно скучаю по любимым:(
Так давно не виделиись.",negative
давай:D — Ахахах тебе то зачем?)) http://t.co/lSMMURZMdY,positive
@AndrewVostrikov @Jok_Andry Вова еще не в курсе (,negative
"Видно ,нервное это дело -работать водителем автобуса:)",positive
@PolinaEvanisova ну поздно :)  получишь на нг какашку :),positive
сходила к Кристине.хоть кому то можно было рассказать свои проблемы)))),positive
"Блин, надо подтянуть английский и сгонять куда нить, в англоговорящую страну )",positive
@dima_bazarov хочу с тобой в кинотеатр на кинофильм!),positive
"@ekoustov Мазепа вроде когда-то говорил, что хочет в Ф1. Ну вот, чем не шанс)",positive
"""@wazzelin: @baba_yaga_blya_ @GraniTweet это не гуманно :))"" зато надёжна",positive
"RT @PerryYtkonoss: А МНЕ В ШКОЛУ В ПОНЕДЕЛЬНИК,МНЕ ЖАЛЬ ВАС РЕБЯТУШКИ:(((",negative
@juliyvchirkov lolajours@gmail.com извини(( у меня почему-то тебе не отправляет ничего(,negative
RT @Nastena_977: Хорошо спектакль смотрели^_^ http://t.co/IEelbqrD2S,positive
"Всегда спички заканчиваются не вовремя и щас из-за них только в магазин спускаться...
Я хочу домоооой...там не нужны спички...((((((",negative
Но мама НАКОНЕЦ-ТО увидела мое ужасное горло и насморк + я лег на кроватку в позу умершего :D = Я болею оффишл пару дней точно,positive
"RT @MEDUZA_FLITVIKA: @AD666M Долохов, привет)я скучала, все как-то по-другому стало после скайпа, совсем не общаемся",positive
У меня слов нет:( Волгоград:(( Ужасно! Соболезную:(  #волгоград #терракт,negative
RT @Hell__Silence: @forgotten_night по моему всё ясно :D http://t.co/gNO9Ro27a0,positive
"RT @rocopyhim: фидбурнер ""починил"" поддержку твитера. теперь случайным образом повторяет старые посты :( ну поубывав бы этот гугл",negative
@ipyatnicza бля)класс продовалось бы это в ларьках новоленинских)),positive
RT @LuzinaXusha: НТВ жестко глумится над православными! =),positive
"RT @XAPXYY: Надад 10рт, энд яахаараа 15??“@TsUuganaa: “@XAPXYY: С.Эрдэнэ сайд ч муухан эр юмаа даа :(( РТ http://t.co/Fm9IV2yCNT” hogjiltei…",negative
"Я пиздец как пить хочууу, еще Дашка звонит и ругается (",negative
@EMdiva99 плохо(( Но ты держись...мы тебе поможем чем сможем...Правда Мир если хочешь обращайся...,negative
@Makhliyo_a :P я вполне предсказуемый... ;(,negative
"@msdarren16 Я могу так заржать на уроке,все уже привыкли и никто не обращает внимания х)",positive
"@ross_st Стася,вот чем ты можешь заниматься в свое свободное время :) http://t.co/ojFLKk9oMX",positive
@JVasilyeva ааа))) отож думал оскал) по смайлику то фиг поймешь),positive
завалил химию:( а @erel_ithra  шлюх...где ты?,negative
"@TOMMO_HA_MAPCE, и орестую за то, что ты варил мет :DD",positive
"Вот взяли с утра и наехали ни за что :( Сижу себе жуйк читаю. Звонок в отдел. Поднимаю трубку, разговариваю, ложу трубку.",negative
"@baaddest_bitch direct messages, это в твиттере сообщения)",positive
НЕ кому не могу послать смс с эмайлом проблемы(((((,negative
"@yanalolol @Noizer_99 @BorroKsy инет у меня тупит, загуглите самим график выходи серий вечерний ургант или на подобии :D",positive
"Тесты-хуйесты, модуль-хуйодуль, практика-хуйяктика(",negative
"Не успели девули купить мне вафель,так я сразу всё рассыпала на пол(((",negative
"@Kristi_Wilson1D @Crazymofo_s все мы хотим :D
у меня письмо одно написанное лежит,но.... ленивому заду лень пойти и отправить его",positive
"RT @siqygalanuw: Googe есть,ума не надо...;))) http://t.co/hS5k5s7qtA",positive
"Я думала это весна, а это оттепель!!
Тема ""Оттепели"" Урганта не покидает второй день :D
#ВечернийУргант",positive
"@SeregaKabashov нг без снега,не нг(( http://t.co/TTW9XlfEM6",negative
"Спасибо, что делаешь мой вечер)) мило нежно добро))) http://t.co/e9zVfUjLIZ",positive
"Нужно уметь легко отпускать людей,как бы больно не было:(
Твое от тебя никуда не денется, а других и держать не стоит!",negative
"Без коньков на медео делать нечего,только ножки мокрые:(",negative
"Какую же крутую банду открыл для себя, стыдно, что не слышал раньше! Talco - рекомендую всем к громкому прослушиванию)",positive
"RT @vikyra: @ANKryachko у меня другая табличка ""плановые работы"", кто бы сомневался в их планах((",negative
"Родители смотрят Шерлока без меня, потому что они смотрели 1 и 2 сезоны, а я нет((",negative
"Интересно сколько заплатили за этот бред?:)) Ученые: кофе приносит намного больше вреда, чем пиво http://t.co/XiEpXgTsZ9",positive
"@JemreyQ лооооол, я даже и забыла как он разговаривает((((((((",negative
"@SashkaArenskaya мне как-то всё равно,у меня и у @andreev_artyom футбол есть)))",positive
"Не двину сегодня на тренеровку , плохо себя чувствую(",negative
"@xenia_sobchak блин! Ну вы даете, Ксения! Вы запор моего мозга!:( и написать нечего! Кроме Собчак жжет! И промолчать не хочется! Это круть!",negative
"Оказывается,что если сделать тише музыку в наушниках,то можно услышать,что тебя зовёт мама :D",positive
@James_The_One нифига не в 2 раза) но подорожание неудивительно),positive
"RT @vewazaxesazy: А ниче эта семерка, симпатичная. Мне кеды напоминает :)",positive
@Bakirov_Vusal @DariaPodlesnikh хвхаха хорошо)если что я жду в лс)хаха,positive
"Я потеряла свой киндер, как так случилось? Я  хочу его найти(((",negative
RT @IsaenkoDasha: @alincakalashnic очень жаль(,negative
"как обычно пришлось применять актерское мастерство, чтобы не показать, что переживаешь больше выступающих :(",negative
"Только я могу не дождаться двух дней и сломать ноготь, ааааа(((",negative
@Irina_int Ириночке и  @maslennikovaEle @XXimars @xarymb @tat881 @Pravodumru @lechiy13 @SuperRetweet всем большой привет вечерний. Уюта.))),positive
Час на остановке ((( мне нужна машина !!!!!!!,negative
"@RLipstic слушай,а почему у тебя такой уебанский никнейм в твиттере?)",positive
"тадам,я не поленилась и написала наконец то список)",positive
"@Rusanova2013I мне тоже,врачи просто незнают что чипсы это наш личный сорт героина:DD",positive
@ctulhuftagn У вас вроде так каждый месяц? Увольняйтесь уже (,negative
@AntonSukharev @theIAmWill вовремя я из центров свалил ),positive
собрала первую программу из исходников — будильник для banshee. начинаю понимаю ненависть ЛОРовцев к mono :(,negative
"2я) категория женщин наоборот, только с появлением  своего мужчины - начинает ""жить"", и это тоже сразу заметно..",positive
"@awesomizeru симпатично у вас там, вчера мимо шла - загляделась. Сегодня опять пойду)",positive
"Уйти, покинуть этот свет... Уйти от всех, не оглянуться....Уйти, где зла и горя нет...Лишь раз уснуть и не проснуться....!((",negative
@appolo_2001 такая классная была пикча. жаль не сохранил ((,negative
"Все покупают духи, а я как лох какой - то :(",negative
"Я не понимаю таких людей как их папа. Причем тут дети то? В чем они виноваты!?
Не хотела бы себе такого мужа:(",negative
"@anns98 Да так. Глупости:)
Просто сидела и что-то вспомнился тот момент, когда мы с тобой переписываться начали, и обсуждали кое-кого)",positive
ухаха! The Calling — Wherever You Will Go! уж не затюнился ли я по ошибке на Лав-радио? :(,negative
"выжрала тонну таблеток,
а у меня ничего не проходит(",negative
"Доброго утра, друзья!! Пусть в вашей жизни будет больше таких людей!! Хорошего настроения!!) http://t.co/AHr5vOAHDh",positive
нет никакого праздничного настроения (((((,negative
"А собственно чего такая шумиха то по #CтригункOFF, ну порит по пьяни ахинею всякую, ну и хер с ним =)",positive
@aserafyn @OksanaIsakova куда хохланд лезет в европу?)),positive
@NastiaPovilatis да тут же делать нечего(,negative
"RT @NickaVorobyowa: подруги увидели фото Марсами им понравился только Джаред.
и тут :-) я захотела :-) убивать :-)",positive
"Как только эти двое увидят друг друга может образоваться столько пара,что все обои отвалятся и стены обнажаться :)
Вот кто,кто это придумал?",positive
Проиграть из-за вратарских косяков это боль :( #кхл,negative
"Даже не столько сил,сколько той самой безудержной энергии желаний,которая была там.Всё же море и теплый климат-это мой личный рай :)",positive
@_momsen_ как мне все это знакомо! тупо кроме учебы перестало все волновать! почему так?(,negative
RT @xazivocycel: сегодня еще один сервак заглючил.. нельзя блин в отпуск уйти )) но в данный момент вроде работает )) а я уже скоро вернус,positive
@Alex_SheBe @Jameson_kate @KENTozzzio @id_punker наверно фильм заслуживает оскара))),positive
"А ведь,когда я с ними,такое чувство ,что в другую реальность попадаю.С ними я забываю опроблемах.Это совершенно другие люди)Ребят вы лучшие)",positive
RT @KaracharovaLera: @mikebel200 у меня  тоже по-моему 2.. :((,negative
"Зачем тянутьсят к тому,кому ты нахрен не надо..:(",negative
"- Алло, это секс по телефону?  - Нет, это милиция!  - Ну, я вам заплачу!  - Продолжай шалун!)",positive
RT @Alina_Romashka: в футбол играли.чуть ногу не сломала.теперь ходить больно.стапу не чую.хожу как пролезованая на одну ногу;(,negative
Вродебы ничего вы и не сделали... а все равно как то ибидно (,negative
"RT @ytuzimaba: Жуйк, скажы, как это? Где датчики и обратная связь? Диптаун и глубина реальне уже где-то рядом. : ))",positive
"за вчерашний вечер так много диалогов в вк 
и с такими хорошими людьми :)",positive
@MashaVest @ishq_mitwa  а как делать?помогите мне =(((,negative
"Ты там, я тут. Ненавижу расстояние...Вечно оно мне мешает быть рядом с тем, без которого не спится ночами.. Блиин, переезжай в сиб ((",negative
"Обидно,когда меняется общение с человеком.:(",negative
@narekkg да должна быть какая-то программа с вирусом),positive
слишком много дел на завтра..когда бы все успеть..((,negative
"@lyzifer113 ладно хорошо вы_бываться)
в понедельник 20 уже брать будем.",positive
"@mellomanko, ей уже можно такие фотки делать) ахаха
Только не выкладывать мозгов не хватило :)",positive
"заримдаа сайхан авч өгөлцөөд
заримдаа тэмцэж нтр тэнэгтээд л сайхан амидарцгаая оо :-))))",positive
"RT @cirekuriqyxi: Весь день спал а ночью тоже хочется, и сигарет нет =(",negative
и эта пизда тоже как обычно)) http://t.co/RfbojsO9u7,positive
"У каждого своя ""непопадуха"".Кто куда не попал :) в картинках http://t.co/ptdfIhNhBa",positive
"@KEMbl_HE_YMPYT @touch_to_hands БРАВО, ЧУВАК ЭТО ГЕНИАЛЬНО :)",positive
"RT @M7778956: Покормите кота ,не забыли?))))) http://t.co/s7LGKxuhLU #ccc4 #ilike splash ;)",positive
кто кум будет? — еще не решили)) http://t.co/X1WaYewIqC,positive
"Грущу от того, что говорю на английском с американским акцентом=(",negative
"неисправность локализована. поставлена временная заплатка. грязных хак, блин :(",negative
"ооооаааоаоа я наконецто дома.

ипать у меня всё болит :((",negative
Всю жизнь такой чек хранила бы!:) http://t.co/dYNS78lxef,positive
"Небо поможет нам, небо поможет всем нам....И нам не перенесут сессию и оставят все как есть...Ребят не надо переносить, ну пожалуйста =(",negative
"@janchik_lupenko думаю могут, прошлый раз же отпустили))* а на какое число уже решили??",positive
"мало реперов кстати. нету калифы( дрэ, кальмара",negative
"@mrrmayu я девушка и я не знаю как, наверняка никто не вспомнит)",positive
"RT @vlad_elary: “@fillip_ina: Допрос с пристрастием :) http://t.co/KZKmoM7M2Q”
"".. Не скажешь, где крошки начнем крылья отрывать..""",positive
"@87letsgopens87 Цэ ж была щЮтка)) ты лучше всех)) я тебя не боюсь,Славик )) а зувсим даж наоборот)) кохаю)))",positive
"Сижу читаю историю:)
Надо,надо,а то скоро четверть закончится:)",positive
"оч жаль,  что так и не побывала на юности (",negative
"@Rizlik025 хочешь, будешь ты) 
Это ни кто, просто какой-то парень в шубе) ахаха",positive
"Ritter Sport 200г за 100 р. Я попаду в ад( Зато с шоколадкой, с большой шоколадкой*__*",negative
Совсем забыл. Всех линуксоидов с поводом. Сегодня Линусу 42! ;),positive
Мир сошёл с ума. Афимблер набирает .net-программистов. Как низко они пали... :(,negative
"кого-то он мне напоминает))
RT ""@sky555_sky: @Frau_Gress_ http://t.co/6t5avmXq95""",positive
"@kn_roman @AlekseyKlimov80 У Лёхи жуткий экспириенс поездок со случайными людьми с ""марочного"" форума... Это многое объясняет :)",positive
"Ну это феил, снова в психушку
Блин
Мне ее жалко:(
#AHS http://t.co/OD1vxzetd6",negative
"RT @MarinaP_LOVE1D: @KapralovaIra :""(
А ТЫ ГОВОРИЛА,ЧТО ТААААК ЖДЕЕЕЕЕШЬ",negative
"Только он всегда выслушает меня и поймёт, какой бы бред я не говорила) =** #SLEDUI",positive
"Когда нужна поддержка, я обычно оказываюсь никому не нужной. Но на самом деле я постоянно никому не нужна... :(",negative
RT @colnesspea56: Он:Просто вы никак не выходите у меня из головы))),positive
"RT @gnoomik: @katlin_mitina Нет,красиво *о*
Молодец какая :*",positive
"закончился кубок ректора,и я поняла,что надо учиться,бляяяяять:(((",negative
"Умение смеяться над собой — дар свыше, ниспосланный судьбой! ) http://t.co/KjzJTKZvRI",positive
"@seeeptember @nika__av @Bass_S_Lisa спасибо огромное :) теперь понятно, почему мой кот обижается, когда я называю его Тёмой",positive
"Не забуду этот день, чудесный) #эстафета олимпийского огня http://t.co/DKLRpTakvp",positive
"@slevodav @landco1 ""придется, наверное, ездить в автобусах с пьяными вонючими гастерами, как и раньше"", всё больше вопросов нет((",negative
"@Seeker_miracle печальбеда
нас иногда отпрашивает, когда совсем все плохо и домой приходим поздно(",negative
"Я так не хотела в школу и хотела ливень с громом и молнией,что пошел ливень с громом и молнией. :D",positive
"@OlyaUvarovaa А Я ВОТ РЕШИЛА ФИЛЬМЕЦ ПРО ВЕЛИКУЮ ОТЕЧЕСТВЕННУЮ ВОЙНУ ПОСМОТРЕТЬ, ОН НЕ СТАРЫЙ, НУ СОВРЕМЕННО СДЕЛАН, НАЧАЛО НОРМ ЕЩЁ))",positive
RT @kuharenko_O: ещё не много и этот ужас закончиться .,negative
"уже четвертый день мы в разных городах, и я как то чувствую себе не полноценно....безумно соскучилась по своей Чике((",negative
"Лень умываться,  девочки меня поймут)) #girl http://t.co/WZua61VKjh",positive
Посмотрите на номер песни))))) забавно http://t.co/DZTuTOUpQJ,positive
"Как..как доуяится 2 недели?если уже силы на исходе!!!!остаётс лишь вдохновлять себя Новым Годом,и 16-днями до долгого нахождения дома))))))",positive
@KatyaDomkowski в каком смысле прикольный?))))))))))),positive
На всякий случай два раза желание загадили 09:10 11.12.13 и 11.12.13 14:15. В прошлый раз желание сбылось),positive
"-ты кто?
-я гарри поттер.
-ты гарри поттер?
-да.
-а я кто тогда?
-не знаю.
-я тогда трех главый пес, нахрен:D",positive
"Как только приходит очередное сообщение, я по привычке жму Ctrl-Alt-I. А в Пиджине это не работает. :-(",negative
RT @hiluqesedar: горячая вода у меня будет после двадцатого числа. ужас(((,negative
Emil Bulls пишут новый альбом. Но выйдет он не раньше осени :(,negative
"Я только дома появился ,сижу жду сообщение любимой что она доехала) вечер было день рождение Семы был потрясающий)",positive
@1988Ulyana а я спать хочу нереально =(( пойдешь куда -нибудь?,negative
RT @Art_Bud: Прям день сбывшихся мечт)) дошел-таки до   #Crumbs с @MaryJayStephens,positive
"@Oh_Philip17 друг, отстань от Разгульнова, я вернуться не успел, а меня опять выгонять собрались(
а я ведь даже не при делах.",negative
"@iKonieu бляяя(
Когда перебираю, веду себя как пьяный десантник",negative
"RT @AnastasiaChuck: благодаря В., одно обездоленное животное обрело дом. Мой герой. :* http://t.co/CAz80CDogO",positive
@VadimKovalev @molstolica @mosdepkultura @infomoscow24 Спасибо))),positive
"Хорошего всем настроения)
Пусть завтра будет лучше чем сегодня)) http://t.co/6Y2gO1t8DW",positive
"@bettyblansh по первому времени мои права лежали у мужа)я еду меня останавливают сотрудники я им даю партмоне, они открывают на правах мужа",positive
мой  мозг офигевает что с ним происходит  :(  мне  его жалко,negative
"@Romych_ept у меня по ссылке, категорически отказывается переводить...:(",negative
"Саш, Помним. Любим. Скорбим.
Ты на всегда в наших сердцах:*",positive
моя любовь к кареглазым овнам никогда не будет взаимна ;(,negative
"У моего отчима на звонке песня Марсов- From Yesterday,каждый раз я хочу, чтобы он как можно дольше не брал трубку, чтобы я насладилась ею :(",negative
@maksimofficial Желаю тебе поверить что ты попала в историю без того что ты делаешь сечас :(,negative
ФЫААААААААААААААААААААК :DDDDD http://t.co/3375FIQxgE,positive
"@LidaMinakova понравился - но экран для меня маловат почему то, и цена больше естественно. Надеюсь Стив Джобс меня простит со своих небес)",positive
"@Shestasi почему не время то?:))
Спасииб шест мой &lt;3",positive
@katy_deniska Да? А хотела чудной получится:) благодарю),positive
"Купила на айпад симку ростелеком, и я заедалась с ней мучаться, не могу ее активировать никак (((",negative
"Завтрак в маке, до консультации еще полтора часа(",negative
@MakarovTV @DFMDANCE не удобно за рулём писать(,negative
"я меняюсь в лучшую сторону)
Но мне это не нравится т.к.
Это не я,это другой человек.",positive
"на улице такая погода хорошая, а я дома ((",negative
"RT @YPRTpofigist: Добра и Тома тебе, новый читатель @fulminic_acid ^_^ http://t.co/8bCtd0YrAN",positive
RT @adunipexib: Блин.как же скучно грустно и одиноко жить одному.:(,negative
"@VRSoloviev работа чк на высоте..( а кто кричать будет,тех запретить или арестовать.",negative
"я в полном расстройстве!:( Мусти остался, Даниэль ушел, Юлька в Стамбул укатит и прощай анимация :( если и Джони не будет, то все...капец :(",negative
"Эх, сразу деревку вспоминаю :) http://t.co/jB9DNThlB1",positive
@Keeeekc @BadGoodSofi @hp_spn @LoveKris08 @CGritsienko @WiileyFox @IMitory @albina01D @kota_Oo_oO и тебяяя с:,negative
и все с начала...и те же стены(((. И те же эмоции,negative
@aliciamillor @fillip_ina Лучше чтоб продолжал про кровавые руки? Вы так ему отобьёте охоту к помилованиям((,negative
"RT @ZaxarBorisych: как обычно - если кто не читал «Мою маленькую Лениниану» Ерофеева, это никогда не поздно сделать :-) 

http://t.co/6hiMl…",positive
"постоянно забываю слово suppose, либо путаю его с support, либо с provide почему то :(",negative
"_irishkatsoy_  Коронная фраза этого вечера: ""Давай посчитаем..?"" Ахах;)) http://t.co/0nl7jHFz9m",positive
"Сегодня премьера Хоббита, а я буду учиться, работать и готовиться к зачетам...((",negative
"http://t.co/OqrVaRnY4K -Не грусти, ты ведь красивая, умная.. - Ага, красивая, умная, и ни кому ненужная..(",negative
"@masya12_12 с днем рождения Губёшка^^желаю тебе многократного ах,и маленького томного ух:D",positive
"О, да! Модуль по биологии 4 и 5! Пользуясь случаем, хочу поблагодарить маму, папу и боженьку))))))))))",positive
"Насколько задрочился перед экзаменом по вождению, что уже будучи пешеходом, обгоняя других людей, показываю пальцами поворотники :(",negative
"Сегодня наш первый новый менеджер группы приедет на концерт,интересно кто же им окажется)",positive
"Мороз 9 градусов. Кажется, кто-то сегодня замерзнет. :( ❄❄⛄",negative
"@oswin_73 с колледжа&lt;3
Всё отлично,только я отморозил себе коленки...
А твои как?))",positive
RT @MarusiaGaidamak: @edvard146 ахахха взаимный фолловинг),positive
"Играло :WAKE ME UP, BOOMERANG  сразу печаль, ностальгия :(  и любимая @kklimovski",negative
Мою фамилию опять неправильно написали протаколе((,negative
Только я могла потерять в квартире комплект замены сим карты(((( все не так блин...,negative
"""@matreshkalol: Грустно бабе русской без мужского плеча засыпать. Слезно!""
Моё плечо сейчас далеко :(",negative
"RT @ronyzudamo: В интернетах сегодня должно быть меньше народу, ибо синдром первого числа. :)",positive
"RT @1Sokolooov: @egorkreed теперь видосы на #youtube выкладывает) стану постоянным гостем ютьюба теперь) нереально крутые видосы, поднимают…",positive
"@ivsay Вань, они безнадежны(( Приз не уедет в Россию(",negative
"и вроде норма
но после вчера голова болит(",negative
"За этот год столько воспоминаний и эмоций, особенно весной. Скучаю по тем дням @dabelol :(",negative
RT @tapich1: До Дового Года осталось 3 неделиии)))))),positive
"RT @Creative_Link: Дождались! Официальный трейлер ""Иван Царевич и Серый Волк - 2"". Смотреть всем: http://t.co/gmelSGMIuW Толи еще будет)",positive
"Блин, ну и ночка...спала часа два всего...и то, периодически просыпаясь! (((",negative
RT @polinapolikahin: кое-кто очень мечтает о своей маленькой кондитерской ),positive
"@Whatever429 &gt;:(
Что с тобой случилось? Аж настроение упало",negative
на айпадах нет интернетов. билайн залочили суки после халявы (,negative
"Блиииин, верните зиму, вобще не улыбает ложиться спать засветло (",negative
"RT @little_bird_o_o: с новым годом всех вас с:
@POTTER_IS_HERE 
@I_am_mockingjay 
@call_me_wanda 
@LubaStatkevich 
@bashmstil http://t.co/T…",negative
"@NastyshaDolya @avadovskaya спасибо за поддержку,но мне уже ничего не поможет(((",negative
"@biebsdemssel бл , все было бы збс
но дорогой мне человек не ответил на мое поздравление (999(9((",negative
"Ночь какая-то длинная казалась,но я все равно хочу спать)",positive
"А еще я сегодня на 1 урок не пришла ,из-за того что сильно болел живот. А первым уроком была алгебра :(",negative
RT @natali_an_17147: завтра моя лучшая подруга уезжает от меня навсегда.мне очень плохо((я ее очень люблю,negative
Сегодня утром на учёбе... Хорошо дома:) http://t.co/LqDbzHeoHu,positive
"RT @almastanova2012: Завтра две истории:) ахаха,жаль КсЮ в больнице",positive
"...моя самая любимая фраза, которая, дарит мне улыбку и счастье) #YouandI #forever",positive
"@tanymalseva Ахаха, да пока я добегу сон перебьётся :DD",positive
"в этом году я вела себя хорошо,а мне попадаются кислые мандарины:(",negative
"""@el_elanio: Выпендриваются и выпендриваются....А потом херак! И 30 летние одиночки...#vbishkeke"" Блин, иногда этого и боюсь((((((",negative
"@bosia2457 @kopteva1709 У нас чё то ветер не на шутку, всё сильней и сильней:( http://t.co/KXKnKlKTEd",negative
"А, кстати, что хотела сказать... мы не прошли в следующий тур МатБоёв! Я чем то рада, а чем то нет(",negative
капец...вот так приходится ходить дома.та и в колледже тоже((что бы не заражать никого..больше  боюсь за маленнькую( http://t.co/ZhwrlHnMfx,negative
"@polisgreen В МОЁМ УЧЕБНИКЕ ПО АНГЛИЙСКОМУ НАПИСАНО ПРО бИТЛОВ, ПРО ГАНС Н РОЗЕС, ПРО ЭЛВИСА И ПРО АЕРОСМИТ)",positive
"Мое горло, моя голова, все болит( 
Заболеть на каникулах круто",negative
@yzszerniead  Надо будет поставить и забыть скорее всего!! )),positive
"если девушка к тебе приклеилась, то ее нужно отодрать! ; )",positive
Я больше не смотрю Х-Фактор( Без Мостового там некому выигрывать.,negative
@allaxverdi2013 жители поселка чтят память воевавших за них бойцов! Кучей мусора около памятника! Честь и хвала!((( http://t.co/DaJBt2UkGf,negative
"@DG_loko7 @alex_skittles воувоу, тихо-тихо :D
прости, у нас здесь важные планы на будущее по раскрутке новой команды :D",positive
"завтра на экономику...блин вроде норм,а вроде и нет..ну 5 часов это перебор(",negative
@TakanoriMitsuki Всё я весь в мурашках х))) Кто посмел тебя потревожить?хДД,positive
"""Ходячие мертвецы"" 4 сезон 8 серия - шок, слезы ;(((",negative
@mishakrushnic блин. я сама не могу решить между этими тремя вариантами. но нужно что-то одно :),positive
RT @RitaRitkina7: @yana_chmulova а я с Валом под эту песню танцевала(,negative
RT @NastyaMisch: @RabbitTommo как ты?....почему так долго тебя нет:(,negative
"@AnPolyudova да короч просто у меня тяга к точным наукам, и нет никакого секрета :(",negative
@grigorij_batrak верно. Совсем они уже ((,negative
"Нас мало, но мы в тельняшках:) #смотриммолодежку http://t.co/qDM60J7WaU",positive
"sm&amp;gt; напомни, как называется: фотка, вокруг черная рамка, а внизу - надпись?
au&amp;gt; некролог?
sm&amp;gt; не.. (
au&amp;gt; демотиватор?
sm&amp;gt; ДА!",negative
Никто с концертами в Россию не приезжает((( никому эта жопа мира не нужна(((великая держава бл***!,negative
"@I_Love_MAPC Я Вика) 
Ешелон :D
Дурная :D
Очень приятно)",positive
"@alexey_manin везет, а мне вообще ни один фильм не хочется смотреть(",negative
"Всё теперь я подсела на всю музыку,которую играла сегодня))Верните мне сегодняшний вечер...хочу танцевать и танцевать)",positive
"RT @YanaMandrakova: Час прогулки с моей Ол, красные носы, морозные щечки и хорошее настроение!) все в лучших традициях зимушки зимы!))) htt…",positive
"@grandsonoff @JulJulianapai По интеллекту утро, день и вечер -одинаковы.Это у нас в этих трёх измерениях голова работает по-разному.))",positive
не пойти на хоббита при уже купленном билете. максимум силы воли :(,negative
"@_rock__me_ чееерт какие подаркиии,ууух,спасибо мааалыышка:*",positive
RT @Leopardovakriss: @05Irishka не за что заинька:*,positive
"RT @YuLamonowa: пипец..
каникулы,праздники, нужно гулять, а дома больная((",negative
"@JulienGanz слили, только качество хуйня, но я все равно не удержалась=(",negative
@Save_Mongolian олон хүмүүст хүргэж заалдаа гэр бүлээрээ сурчмаар л байна шд :)) @pmardai,positive
"хочу с ней встретиться, но как всегда нихера не получится(",negative
"Сидим в машине.
Ленка с Наськай палят в мой телефон :D",positive
RT @prisonero_O: Меня вставило http://t.co/etZmfeEVbQ,negative
"Хотя нет, сначала я поем. А потом фотки. Компромааааааат хдд
А вообще, там должно быть хоть что-то нормальное..:D",positive
"@LARRY_B_CAMAPE также было,ващи пидар он(9((99",negative
RT @DavyGeddis: Давайте вместе обсудим сегодняшний эфир!),positive
"@ba_Nadya привет, Надюш) пересматриваю взгляды на репертуар)))",positive
@Ms_anti_utopia я согласен принять только укладочку в стиле Хана  :(,negative
@madonna333999 @Gadzhi_fcb как гаишник разговориваешь ),positive
"RT @ProstoJeki: К человеку со всей душой, а он попользовался и выбросил, как говорится(",negative
"Так плохо на курсах было, я ничего правильно почти не решила(",negative
Как же я скучаю по этому месту ;( http://t.co/YQoiwcNBmu,negative
"Моя слабість.
Нада комусь розказать срочноооооо :(",negative
RT @angestonem: @Kyza2_7 пфф у нее дофигу друзей а мы с Никой в двоем и вообще мало переписуемся :(,negative
"Самый простой способ стать счастливым: думать, что ты самый счастливый человек на Земле ;-) http://t.co/4F2b0PGjTi",positive
"/me помыла кота, теперь сидит мокрая, и греет кота одеялом :)",positive
Пока не разблокируют @ACIDmit буду на этом аккаунте. Деваться некуда :),positive
RT @sobipupaluhe: похолодание с понедельника :(,negative
RT @vedanamefyca: имхо последний из разумных могикан в нашей Галактике:(,negative
обновил виртуалбокс до третьей версии. побыстрее стал работать. на глаз заметно ),positive
"Необходимо работать, чтобы норм кушать и страдать, что нет времени скинуть лишние кг от того, что жрешь(",negative
что я только что замееетил)))) http://t.co/HUmTcg8CSo,positive
СМОТРИШЬ БИТВУ ИКСТРАСИКСОВ? — а я не знаю чо ета такое(((9(9(((9(( http://t.co/gwPDsMaq1x,negative
"RT @BOBA_KOT: @pic_celebrity ну моя бы тоже не знала,если бы я ее не доставала плакатами и фильмом:)",positive
"RT @zinkevichh: ПОЧЕМУ СНЫ НЕЛЬЗЯ ЗАПИСЫВАТЬ НА ПЛЕНКУ, А ПОТОМ ПРОСМАТРИВАТЬ?(",negative
"RT @tegukakaduxy: как Coca-Cola))люблю тебя,но ты вредная)))))) http://t.co/scIxK1g8OO",positive
"Как же надоело болееть, мне никогда не было так скучно. :(",negative
@Kris_Kirilyuk  ты ангел; дьявол; зло;? опасность или мечта :),positive
"НИКОГДА МЕНЯ НЕ БЕСИЛ ПРЕДМЕТ ТАК, КАК БЕСИТ НАЧЕРТАЛКА! ДАЖЕ ЭКОНОМИКА В ШКОЛЕ! ДАЖЕ ИСТОРИЯ! ХОД ИСТОРИИ! БОЖЕЧТОЯГОВОРЮ, НО ЭТО ТАК( все(",negative
@plawnik 2 раза. Один раз я за это получил по шапке(,negative
"Никак не могу найти нормального материала по веб-технологиям. Читаешь статью, а там сыпят терминами о которых ничего не знаешь. :(",negative
С моими девочками  @fleurotique I @JKirichenko ходили на Мисстера КПИ 2013)) http://t.co/5JvAEYVTkA,positive
RT @MrSharav: -Ёооё нэг эмээ хандраад байх юм - Яаж байна? -намайг дагасан чинь буцаж дагасан байх юм :),positive
"@mimimiololoev народ свое пиво ждет, а они по кино ходют : (",negative
"На маке нет click through, и к этому невозможно привыкнуть :(",negative
@schwarz_rock не нужно...главное что бы было у тебя терпение),positive
"Мама ещё с сентября мне звонит каждое утро и говорит, чтобы я двое штанов одевал и тёплую шапку. ахахахах))",positive
@tohughelen1D @mychemr0mance скажешь мне потом исполнилось желание или ж нет? окей? :D,positive
Посоветуйте какой-нибудь интересный фильм или комедию на ночь?),positive
@Y_Ilina @boriskina_n а где у этой девочки подбородок?),positive
"Весь декабрь при заказе потолка мы дарим 10% скидку на каждый потолок, включая ваш текущий заказ :) http://t.co/MZj9yt9AyE",positive
"""@nyusya24: @Forgotten_Alive спокойствие! Говорят: ""если вас разозлили - значит уже победили"""" да? Ну хорошо. ))",positive
"День начался не найс,
Хуёвое настроение=(",negative
@Chorniy4twitt я уже в центре (( там две штуки остались,negative
@8hsad @MyExogenesis идите в член ваще((9(99,negative
RT @RusRadio_ru: А Вам какой образ Николая Баскова больше по душе?). @NikolaiBaskov #николайбасков http://t.co/GVbLvBmJ5I,positive
"Изменения в нашей жизни и так постоянны, но… иногда приходит время что-то менять :-) @ Kalinka http://t.co/GfJ8bQr82m",positive
@jules_yes мне нравится последовательность твитов)),positive
"по рус яз задали упражнение, которое мы уже делали :-)",positive
"Просматриваю архив babr.ru, жесть =) По новостям можно историю изучать",positive
"@tihonova__ что?Ане пришло,а она тоже из Москвы! :(",negative
"#ХочуПровестиНовогоднююНочьВместе с @SchigM
Жаль что это не возможно:(",negative
@Ksushalovelove ХУЛИ УЖ ТУТ :D http://t.co/1k872Q6Fsf,positive
"Жуйк, я проебал Google Code-in и возможность заработать на нем деньжат к лету. :(",negative
"RT @deanonelove: @Small_Reckless так мило сказала, аж грустинка напала))",positive
"Часы посещения с 12 до 2х,с 5ти до 7ми. с собой иметь апельсины и себя.и быть готовым смотреть как я плохо ввгляжу.адрес больницв в личку)",positive
Такая боль в душе((((хочется сдохнуть одними одним словом!((,negative
Почему их любит Данил и не люблю я(( http://t.co/Ikx4ma9Ia1,negative
"пришло письмо от TripAdviser: ""Где вы проведете свой следующий отпуск? Воронеж или Новосибирск?"" вот они блядь знают, что не в Италии(",negative
"подивилась кіно *Белый плен*, блін ото я плакала(
які чудові ці собачкі *-* http://t.co/QlUgzRGmdC",negative
RT @das_ist_gelogen: @alien_in_me поздравляшки с: звизда :)),positive
"я так хочу остаться в этой кроватке, но надо ехать на бот.сад по делам :(((((",negative
"@Oksana_crean бляяяяять :D я с твоими сериалами,не знаю что и думать",positive
Погуляли :) На улице классно! Снежно ! ❄❄❄ http://t.co/mlVsdwxTEh,positive
@Mr_Horwood очень странно. а в каком салоне? просто Очкарик моя любимая оптика и с обслуживанием всегда везет),positive
